0,0,0,0,0,0,

0,0,0,1,0,

19,-9

prefabIronPickUp,3
prefabPickUp,6
prefabRegolithPickUp,2

prefabLadder,21,-7
prefabLadder,21,-8
prefabLadder,21,-9
prefabLadder,28,-10
prefabWater,7,-28
prefabWater,7,-27
prefabWater,10,-28
prefabWater,10,-27
prefabWater,21,-17
prefabWater,9,-28
prefabWater,24,-17
prefabWater,23,-17
prefabWater,22,-17
prefabWater,9,-27
prefabWater,6,-68
prefabWater,8,-33
prefabWater,24,-16
prefabWater,23,-16
prefabWater,22,-16
prefabWater,10,-11
prefabWater,25,-18
prefabPackedRegolith,38,-78
prefabPackedRegolith,37,-78
prefabRock,36,-78
prefabPackedRegolith,34,-78
prefabPackedRegolith,33,-78
prefabRegolith,32,-78
prefabPackedRegolith,31,-78
prefabRock,30,-78
prefabPackedRegolith,29,-78
prefabPackedRegolith,28,-78
prefabRock,27,-78
prefabPackedRegolith,26,-78
prefabTaenite,25,-78
prefabPackedRegolith,24,-78
prefabRock,23,-78
prefabRock,22,-78
prefabRegolith,21,-78
prefabRock,20,-78
prefabRegolith,19,-78
prefabRegolith,18,-78
prefabRegolith,17,-78
prefabRock,16,-78
prefabKamacite,15,-78
prefabPackedRegolith,14,-78
prefabRock,13,-78
prefabRegolith,12,-78
prefabPackedRegolith,11,-78
prefabRegolith,10,-78
prefabRock,9,-78
prefabRock,8,-78
prefabKamacite,7,-78
prefabPackedRegolith,5,-78
prefabKamacite,4,-78
prefabPackedRegolith,3,-78
prefabPackedRegolith,2,-78
prefabPackedRegolith,1,-78
prefabTaenite,0,-78
prefabPackedRegolith,39,-77
prefabPackedRegolith,38,-77
prefabRegolith,37,-77
prefabRegolith,36,-77
prefabPackedRegolith,35,-77
prefabPackedRegolith,34,-77
prefabRegolith,33,-77
prefabRegolith,32,-77
prefabRock,31,-77
prefabKamacite,30,-77
prefabRegolith,28,-77
prefabTaenite,27,-77
prefabRegolith,26,-77
prefabPackedRegolith,25,-77
prefabKamacite,24,-77
prefabRegolith,23,-77
prefabPackedRegolith,22,-77
prefabRock,21,-77
prefabRock,20,-77
prefabRegolith,19,-77
prefabRegolith,18,-77
prefabRegolith,16,-77
prefabRegolith,14,-77
prefabRegolith,13,-77
prefabKamacite,12,-77
prefabRegolith,11,-77
prefabPackedRegolith,10,-77
prefabTaenite,6,-77
prefabPackedRegolith,4,-77
prefabRock,1,-77
prefabPackedRegolith,0,-77
prefabPackedRegolith,39,-76
prefabRock,38,-76
prefabRock,37,-76
prefabPackedRegolith,36,-76
prefabTaenite,35,-76
prefabPackedRegolith,34,-76
prefabRegolith,33,-76
prefabPackedRegolith,32,-76
prefabRock,31,-76
prefabRegolith,29,-76.999
prefabRegolith,28,-76
prefabPackedRegolith,24,-76
prefabRock,23,-76
prefabPackedRegolith,22,-76
prefabPackedRegolith,21,-76
prefabRegolith,20,-76
prefabPackedRegolith,16,-76
prefabRegolith,15,-76.999
prefabRegolith,14,-76
prefabRegolith,13,-76
prefabTaenite,12,-76
prefabRock,11,-76
prefabPackedRegolith,10,-76
prefabRegolith,6,-76
prefabTaenite,0,-76
prefabPackedRegolith,39,-75
prefabTaenite,38,-75
prefabRock,37,-75
prefabRock,36,-75
prefabRock,35,-75
prefabRegolith,34,-75
prefabTaenite,33,-75
prefabRegolith,32,-75
prefabPackedRegolith,31,-75
prefabPackedRegolith,30,-75
prefabRegolith,29,-75.99799
prefabRock,28,-75
prefabRock,24,-75
prefabRock,23,-75
prefabRegolith,22,-75
prefabRock,21,-75
prefabRock,20,-75
prefabPackedRegolith,16,-75
prefabPackedRegolith,15,-75
prefabPackedRegolith,14,-75
prefabPackedRegolith,13,-75
prefabRock,12,-75
prefabPackedRegolith,11,-75
prefabKamacite,10,-75
prefabRock,6,-75
prefabRock,2,-75
prefabRegolith,1,-75.999
prefabPackedRegolith,0,-75
prefabKamacite,38,-74
prefabKamacite,37,-74
prefabPackedRegolith,36,-74
prefabTaenite,35,-74
prefabTaenite,34,-74
prefabRegolith,33,-74
prefabPackedRegolith,32,-74
prefabTaenite,31,-74
prefabRegolith,30,-74
prefabRegolith,29,-74.99699
prefabRegolith,28,-74
prefabPackedRegolith,24,-74
prefabRegolith,23,-74
prefabRock,22,-74
prefabPackedRegolith,21,-74
prefabRegolith,20,-74
prefabRegolith,16,-74
prefabKamacite,15,-74
prefabPackedRegolith,14,-74
prefabRock,13,-74
prefabPackedRegolith,12,-74
prefabRegolith,11,-74
prefabPackedRegolith,10,-74
prefabPackedRegolith,9,-74
prefabKamacite,8,-74
prefabRock,7,-74
prefabRegolith,6,-74
prefabRegolith,5,-74
prefabPackedRegolith,4,-74
prefabTaenite,3,-74
prefabRegolith,2,-74
prefabPackedRegolith,1,-74
prefabRegolith,0,-74
prefabTaenite,39,-73
prefabRegolith,38,-73
prefabPackedRegolith,37,-73
prefabPackedRegolith,36,-73
prefabRock,35,-73
prefabRegolith,34,-73
prefabPackedRegolith,33,-73
prefabRock,32,-73
prefabRock,31,-73
prefabPackedRegolith,30,-73
prefabRock,29,-73
prefabPackedRegolith,28,-73
prefabRegolith,27,-73
prefabRock,26,-73
prefabRegolith,25,-73.999
prefabKamacite,24,-73
prefabPackedRegolith,23,-73
prefabRock,22,-73
prefabRock,21,-73
prefabRegolith,20,-73
prefabRock,18,-73
prefabRock,17,-73
prefabPackedRegolith,16,-73
prefabKamacite,15,-73
prefabRock,14,-73
prefabPackedRegolith,13,-73
prefabPackedRegolith,10,-73
prefabRegolith,9,-73
prefabTaenite,8,-73
prefabTaenite,7,-73
prefabKamacite,6,-73
prefabKamacite,5,-73
prefabRock,3,-73
prefabTaenite,2,-73
prefabRegolith,1,-73
prefabPackedRegolith,0,-73
prefabPackedRegolith,39,-72
prefabRegolith,38,-72
prefabPackedRegolith,37,-72
prefabPackedRegolith,36,-72
prefabRock,35,-72
prefabRegolith,34,-72
prefabPackedRegolith,33,-72
prefabRegolith,32,-72
prefabPackedRegolith,31,-72
prefabRock,30,-72
prefabRegolith,29,-72
prefabPackedRegolith,28,-72
prefabRegolith,27,-72
prefabRock,26,-72
prefabRock,25,-72
prefabPackedRegolith,24,-72
prefabPackedRegolith,23,-72
prefabRegolith,22,-72
prefabPackedRegolith,21,-72
prefabTaenite,20,-72
prefabRegolith,19,-72.999
prefabKamacite,18,-72
prefabPackedRegolith,17,-72
prefabRock,16,-72
prefabRegolith,15,-72
prefabPackedRegolith,14,-72
prefabKamacite,13,-72
prefabPackedRegolith,10,-72
prefabTaenite,9,-72
prefabPackedRegolith,8,-72
prefabPackedRegolith,7,-72
prefabPackedRegolith,6,-72
prefabPackedRegolith,5,-72
prefabPackedRegolith,4,-72
prefabPackedRegolith,3,-72
prefabTaenite,2,-72
prefabRock,1,-72
prefabPackedRegolith,39,-71
prefabKamacite,38,-71
prefabRegolith,37,-71
prefabPackedRegolith,36,-71
prefabPackedRegolith,35,-71
prefabPackedRegolith,34,-71
prefabRegolith,33,-71
prefabRegolith,32,-71
prefabRock,31,-71
prefabRock,30,-71
prefabPackedRegolith,29,-71
prefabRegolith,28,-71
prefabTaenite,27,-71
prefabRegolith,26,-71
prefabPackedRegolith,24,-71
prefabPackedRegolith,23,-71
prefabRegolith,22,-71
prefabPackedRegolith,21,-71
prefabRock,20,-71
prefabTaenite,19,-71
prefabRegolith,18,-71
prefabPackedRegolith,17,-71
prefabPackedRegolith,16,-71
prefabPackedRegolith,15,-71
prefabPackedRegolith,14,-71
prefabPackedRegolith,13,-71
prefabRock,12,-71
prefabRegolith,11,-71
prefabTaenite,10,-71
prefabPackedRegolith,9,-71
prefabRock,8,-71
prefabPackedRegolith,6,-71
prefabRock,1,-71
prefabRegolith,0,-71.999
prefabRock,39,-70
prefabRock,38,-70
prefabPackedRegolith,33,-70
prefabPackedRegolith,32,-70
prefabRegolith,31,-70
prefabRegolith,30,-70
prefabPackedRegolith,29,-70
prefabPackedRegolith,28,-70
prefabRegolith,27,-70
prefabPackedRegolith,26,-70
prefabPackedRegolith,24,-70
prefabPackedRegolith,23,-70
prefabPackedRegolith,22,-70
prefabRegolith,21,-70
prefabRegolith,20,-70
prefabTaenite,19,-70
prefabPackedRegolith,18,-70
prefabRock,17,-70
prefabRock,16,-70
prefabPackedRegolith,15,-70
prefabRock,10,-70
prefabPackedRegolith,9,-70
prefabPackedRegolith,8,-70
prefabKamacite,7,-70
prefabPackedRegolith,6,-70
prefabPackedRegolith,2,-70
prefabRegolith,1,-70
prefabRegolith,0,-70.998
prefabRock,39,-69
prefabRock,38,-69
prefabPackedRegolith,33,-69
prefabRock,31,-69
prefabPackedRegolith,30,-69
prefabKamacite,29,-69
prefabRock,28,-69
prefabRock,27,-69
prefabPackedRegolith,26,-69
prefabRegolith,25,-70.999
prefabRegolith,24,-69
prefabRock,23,-69
prefabRegolith,22,-69
prefabPackedRegolith,21,-69
prefabRegolith,20,-69
prefabPackedRegolith,19,-69
prefabRegolith,18,-69
prefabPackedRegolith,10,-69
prefabRock,8,-69
prefabRock,7,-69
prefabPackedRegolith,0,-69
prefabRegolith,39,-68
prefabRegolith,38,-68
prefabPackedRegolith,33,-68
prefabRegolith,32,-68.999
prefabKamacite,31,-68
prefabPackedRegolith,30,-68
prefabRock,29,-68
prefabRegolith,28,-68
prefabKamacite,27,-68
prefabRegolith,26,-68
prefabRegolith,25,-69.998
prefabRegolith,24,-68
prefabRegolith,23,-68
prefabPackedRegolith,22,-68
prefabRegolith,21,-68
prefabRegolith,20,-68
prefabRegolith,19,-68
prefabPackedRegolith,10,-68
prefabRegolith,9,-68.999
prefabPackedRegolith,3,-68
prefabRock,0,-68
prefabRock,39,-67
prefabRegolith,38,-67
prefabRegolith,37,-68.999
prefabPackedRegolith,36,-67
prefabRock,35,-67
prefabRock,34,-67
prefabPackedRegolith,32,-67
prefabPackedRegolith,31,-67
prefabRock,30,-67
prefabRegolith,29,-67
prefabRock,28,-67
prefabPackedRegolith,27,-67
prefabPackedRegolith,26,-67
prefabKamacite,25,-67
prefabRegolith,24,-67
prefabRegolith,23,-67
prefabKamacite,22,-67
prefabRock,21,-67
prefabRock,20,-67
prefabPackedRegolith,19,-67
prefabPackedRegolith,18,-67
prefabPackedRegolith,14,-67
prefabRegolith,13,-68.999
prefabRegolith,12,-68.999
prefabRegolith,11,-68.999
prefabPackedRegolith,10,-67
prefabPackedRegolith,9,-67
prefabKamacite,4,-67
prefabRock,3,-67
prefabRegolith,2,-67
prefabRegolith,1,-67
prefabRegolith,39,-66
prefabKamacite,38,-66
prefabRegolith,37,-67.998
prefabRegolith,36,-66
prefabPackedRegolith,35,-66
prefabPackedRegolith,33,-66
prefabRock,32,-66
prefabPackedRegolith,28,-66
prefabRegolith,27,-66
prefabRegolith,26,-66
prefabPackedRegolith,25,-66
prefabRegolith,24,-66
prefabPackedRegolith,23,-66
prefabPackedRegolith,22,-66
prefabPackedRegolith,21,-66
prefabRegolith,20,-66
prefabPackedRegolith,19,-66
prefabPackedRegolith,18,-66
prefabKamacite,14,-66
prefabPackedRegolith,13,-66
prefabPackedRegolith,12,-66
prefabKamacite,11,-66
prefabRock,10,-66
prefabPackedRegolith,9,-66
prefabRock,4,-66
prefabRock,3,-66
prefabPackedRegolith,2,-66
prefabRegolith,1,-66
prefabRock,0,-66
prefabRock,39,-65
prefabPackedRegolith,37,-65
prefabPackedRegolith,36,-65
prefabRock,35,-65
prefabRegolith,33,-65
prefabRegolith,28,-65
prefabRock,27,-65
prefabRegolith,26,-65
prefabPackedRegolith,25,-65
prefabPackedRegolith,24,-65
prefabPackedRegolith,23,-65
prefabRegolith,22,-65
prefabRock,21,-65
prefabKamacite,20,-65
prefabPackedRegolith,19,-65
prefabRegolith,18,-65
prefabRock,13,-65
prefabTaenite,12,-65
prefabPackedRegolith,11,-65
prefabPackedRegolith,10,-65
prefabRegolith,9,-65
prefabPackedRegolith,8,-65
prefabRegolith,7,-66.999
prefabTaenite,6,-65
prefabTaenite,5,-65
prefabTaenite,4,-65
prefabRock,3,-65
prefabPackedRegolith,2,-65
prefabRock,1,-65
prefabPackedRegolith,0,-65
prefabRock,39,-64
prefabRegolith,38,-64.999
prefabRock,37,-64
prefabPackedRegolith,36,-64
prefabRegolith,35,-64
prefabRegolith,34,-65.999
prefabRock,33,-64
prefabRegolith,28,-64
prefabPackedRegolith,27,-64
prefabRock,26,-64
prefabKamacite,25,-64
prefabPackedRegolith,21,-64
prefabRock,20,-64
prefabPackedRegolith,18,-64
prefabRock,14,-64
prefabKamacite,13,-64
prefabPackedRegolith,12,-64
prefabPackedRegolith,11,-64
prefabRock,10,-64
prefabPackedRegolith,7,-64
prefabRock,6,-64
prefabPackedRegolith,5,-64
prefabPackedRegolith,4,-64
prefabRock,3,-64
prefabPackedRegolith,2,-64
prefabPackedRegolith,1,-64
prefabRegolith,0,-64
prefabPackedRegolith,39,-63
prefabRegolith,38,-63.998
prefabPackedRegolith,35,-63
prefabTaenite,34,-63
prefabPackedRegolith,33,-63
prefabTaenite,32,-63
prefabRock,31,-63
prefabRegolith,30,-63
prefabPackedRegolith,29,-63
prefabTaenite,28,-63
prefabPackedRegolith,27,-63
prefabPackedRegolith,26,-63
prefabTaenite,25,-63
prefabPackedRegolith,21,-63
prefabRock,20,-63
prefabRegolith,19,-63.999
prefabRegolith,18,-63
prefabPackedRegolith,17,-63
prefabPackedRegolith,16,-63
prefabRegolith,15,-63.999
prefabRock,14,-63
prefabPackedRegolith,12,-63
prefabRegolith,11,-63
prefabRegolith,10,-63
prefabTaenite,7,-63
prefabPackedRegolith,6,-63
prefabPackedRegolith,5,-63
prefabRegolith,4,-63
prefabRegolith,3,-63
prefabPackedRegolith,2,-63
prefabRock,1,-63
prefabRegolith,0,-63
prefabPackedRegolith,38,-62
prefabRegolith,35,-62
prefabRock,34,-62
prefabRegolith,33,-62
prefabRegolith,32,-62
prefabRegolith,31,-62
prefabTaenite,30,-62
prefabPackedRegolith,29,-62
prefabTaenite,28,-62
prefabRock,27,-62
prefabPackedRegolith,26,-62
prefabPackedRegolith,25,-62
prefabRegolith,21,-62
prefabPackedRegolith,20,-62
prefabRegolith,19,-62.998
prefabPackedRegolith,18,-62
prefabPackedRegolith,17,-62
prefabRegolith,16,-62
prefabPackedRegolith,15,-62
prefabRegolith,14,-62
prefabTaenite,13,-62
prefabPackedRegolith,10,-62
prefabPackedRegolith,9,-62
prefabPackedRegolith,8,-62
prefabKamacite,7,-62
prefabRegolith,6,-62
prefabRegolith,3,-62
prefabRegolith,2,-62
prefabPackedRegolith,1,-62
prefabRock,0,-62
prefabKamacite,39,-61
prefabTaenite,38,-61
prefabRock,37,-61
prefabPackedRegolith,36,-61
prefabRegolith,35,-61
prefabTaenite,34,-61
prefabRock,33,-61
prefabRegolith,32,-61
prefabTaenite,30,-61
prefabPackedRegolith,29,-61
prefabPackedRegolith,28,-61
prefabRegolith,25,-61
prefabPackedRegolith,24,-61
prefabPackedRegolith,23,-61
prefabPackedRegolith,22,-61
prefabRegolith,21,-61
prefabRock,20,-61
prefabTaenite,19,-61
prefabRegolith,18,-61
prefabPackedRegolith,17,-61
prefabRock,16,-61
prefabPackedRegolith,15,-61
prefabPackedRegolith,14,-61
prefabPackedRegolith,7,-61
prefabPackedRegolith,6,-61
prefabRock,3,-61
prefabPackedRegolith,2,-61
prefabTaenite,1,-61
prefabRock,0,-61
prefabRock,39,-60
prefabRegolith,35,-60
prefabTaenite,34,-60
prefabPackedRegolith,33,-60
prefabPackedRegolith,32,-60
prefabRock,31,-60
prefabRegolith,30,-60
prefabPackedRegolith,29,-60
prefabPackedRegolith,28,-60
prefabRock,25,-60
prefabPackedRegolith,24,-60
prefabPackedRegolith,23,-60
prefabPackedRegolith,22,-60
prefabPackedRegolith,21,-60
prefabRegolith,18,-60
prefabPackedRegolith,17,-60
prefabPackedRegolith,16,-60
prefabPackedRegolith,15,-60
prefabRegolith,14,-60
prefabTaenite,13,-60
prefabPackedRegolith,12,-60
prefabRock,11,-60
prefabRegolith,7,-60
prefabKamacite,4,-60
prefabRegolith,3,-60
prefabRegolith,2,-60
prefabRegolith,1,-60
prefabRegolith,0,-60
prefabPackedRegolith,39,-59
prefabKamacite,35,-59
prefabRegolith,33,-59
prefabKamacite,31,-59
prefabTaenite,30,-59
prefabPackedRegolith,29,-59
prefabRegolith,28,-59
prefabRock,27,-59
prefabKamacite,26,-59
prefabRock,25,-59
prefabKamacite,24,-59
prefabPackedRegolith,22,-59
prefabRock,21,-59
prefabPackedRegolith,18,-59
prefabRock,17,-59
prefabPackedRegolith,16,-59
prefabPackedRegolith,15,-59
prefabPackedRegolith,13,-59
prefabRock,12,-59
prefabPackedRegolith,11,-59
prefabKamacite,7,-59
prefabKamacite,1,-59
prefabRock,0,-59
prefabRock,35,-58
prefabRegolith,34,-58.999
prefabTaenite,31,-58
prefabRegolith,30,-58
prefabPackedRegolith,29,-58
prefabRock,28,-58
prefabKamacite,27,-58
prefabRock,26,-58
prefabRegolith,25,-58
prefabPackedRegolith,24,-58
prefabRock,23,-58
prefabPackedRegolith,22,-58
prefabPackedRegolith,17,-58
prefabPackedRegolith,16,-58
prefabRock,15,-58
prefabPackedRegolith,14,-58
prefabRock,13,-58
prefabRegolith,12,-58
prefabTaenite,11,-58
prefabKamacite,10,-58
prefabKamacite,9,-58
prefabTaenite,8,-58
prefabRegolith,7,-58
prefabRegolith,6,-58
prefabRock,5,-58
prefabRegolith,1,-58
prefabPackedRegolith,0,-58
prefabRegolith,39,-57.999
prefabRock,38,-57
prefabRock,37,-57
prefabRegolith,36,-57.999
prefabRegolith,35,-57
prefabKamacite,34,-57
prefabKamacite,31,-57
prefabRegolith,30,-57
prefabPackedRegolith,29,-57
prefabRegolith,28,-57
prefabTaenite,24,-57
prefabPackedRegolith,23,-57
prefabPackedRegolith,22,-57
prefabPackedRegolith,17,-57
prefabPackedRegolith,16,-57
prefabRegolith,15,-57
prefabRegolith,14,-57
prefabKamacite,13,-57
prefabTaenite,12,-57
prefabRegolith,10,-57
prefabPackedRegolith,9,-57
prefabRegolith,8,-57
prefabRegolith,7,-57
prefabRock,6,-57
prefabRock,5,-57
prefabRegolith,1,-57
prefabPackedRegolith,0,-57
prefabPackedRegolith,39,-56
prefabPackedRegolith,37,-56
prefabRock,36,-56
prefabPackedRegolith,35,-56
prefabPackedRegolith,34,-56
prefabRock,33,-56
prefabRegolith,32,-56
prefabPackedRegolith,31,-56
prefabPackedRegolith,30,-56
prefabRock,29,-56
prefabPackedRegolith,28,-56
prefabPackedRegolith,24,-56
prefabRock,23,-56
prefabPackedRegolith,22,-56
prefabRock,17,-56
prefabPackedRegolith,16,-56
prefabRegolith,15,-56
prefabRegolith,14,-56
prefabRegolith,13,-56
prefabRegolith,12,-56
prefabRegolith,11,-56.999
prefabTaenite,10,-56
prefabRegolith,9,-56
prefabRegolith,8,-56
prefabRegolith,7,-56
prefabRegolith,6,-56
prefabRock,5,-56
prefabRegolith,4,-56
prefabRock,3,-56
prefabPackedRegolith,2,-56
prefabTaenite,0,-56
prefabRock,38,-55
prefabPackedRegolith,37,-55
prefabTaenite,36,-55
prefabRegolith,34,-55
prefabRegolith,33,-55
prefabRegolith,32,-55
prefabRock,31,-55
prefabPackedRegolith,23,-55
prefabPackedRegolith,21,-55
prefabTaenite,20,-55
prefabRegolith,19,-56.999
prefabKamacite,18,-55
prefabRegolith,17,-55
prefabPackedRegolith,16,-55
prefabRegolith,15,-55
prefabRegolith,14,-55
prefabRock,13,-55
prefabRock,10,-55
prefabPackedRegolith,7,-55
prefabRock,6,-55
prefabRock,5,-55
prefabTaenite,4,-55
prefabPackedRegolith,3,-55
prefabPackedRegolith,2,-55
prefabPackedRegolith,1,-55
prefabPackedRegolith,0,-55
prefabTaenite,39,-54
prefabPackedRegolith,34,-54
prefabPackedRegolith,33,-54
prefabTaenite,32,-54
prefabKamacite,31,-54
prefabRock,27,-54
prefabPackedRegolith,25,-54
prefabKamacite,24,-54
prefabPackedRegolith,23,-54
prefabPackedRegolith,22,-54
prefabPackedRegolith,21,-54
prefabPackedRegolith,20,-54
prefabPackedRegolith,19,-54
prefabRock,18,-54
prefabRock,17,-54
prefabRock,16,-54
prefabPackedRegolith,15,-54
prefabPackedRegolith,14,-54
prefabPackedRegolith,10,-54
prefabPackedRegolith,7,-54
prefabPackedRegolith,6,-54
prefabRegolith,5,-54
prefabRegolith,4,-54
prefabPackedRegolith,3,-54
prefabTaenite,2,-54
prefabRock,1,-54
prefabRock,0,-54
prefabRock,39,-53
prefabTaenite,34,-53
prefabRock,33,-53
prefabRock,32,-53
prefabRegolith,31,-53
prefabKamacite,27,-53
prefabPackedRegolith,26,-53
prefabRegolith,25,-53
prefabPackedRegolith,24,-53
prefabPackedRegolith,23,-53
prefabPackedRegolith,22,-53
prefabRegolith,21,-53
prefabRock,20,-53
prefabPackedRegolith,15,-53
prefabRegolith,14,-53
prefabPackedRegolith,13,-53
prefabPackedRegolith,12,-53
prefabRegolith,11,-53
prefabKamacite,8,-53
prefabPackedRegolith,7,-53
prefabRock,6,-53
prefabPackedRegolith,5,-53
prefabRegolith,4,-53
prefabTaenite,3,-53
prefabRock,2,-53
prefabPackedRegolith,1,-53
prefabRegolith,0,-53
prefabRegolith,39,-52
prefabTaenite,34,-52
prefabTaenite,33,-52
prefabTaenite,32,-52
prefabPackedRegolith,29,-52
prefabRock,28,-52
prefabPackedRegolith,27,-52
prefabRock,26,-52
prefabTaenite,25,-52
prefabRegolith,24,-52
prefabRegolith,20,-52
prefabRegolith,15,-52
prefabPackedRegolith,14,-52
prefabKamacite,12,-52
prefabPackedRegolith,11,-52
prefabRegolith,8,-52
prefabRock,7,-52
prefabRegolith,4,-52
prefabRegolith,3,-52
prefabKamacite,2,-52
prefabRock,1,-52
prefabPackedRegolith,0,-52
prefabPackedRegolith,39,-51
prefabPackedRegolith,34,-51
prefabKamacite,33,-51
prefabPackedRegolith,29,-51
prefabPackedRegolith,28,-51
prefabTaenite,25,-51
prefabRock,24,-51
prefabPackedRegolith,20,-51
prefabRock,15,-51
prefabPackedRegolith,14,-51
prefabRock,13,-51
prefabRegolith,12,-51
prefabPackedRegolith,11,-51
prefabPackedRegolith,5,-51
prefabPackedRegolith,4,-51
prefabPackedRegolith,3,-51
prefabRegolith,2,-51
prefabRegolith,1,-51
prefabPackedRegolith,0,-51
prefabPackedRegolith,39,-50
prefabPackedRegolith,34,-50
prefabRock,33,-50
prefabRegolith,32,-50.999
prefabRock,31,-50
prefabRegolith,30,-50
prefabPackedRegolith,29,-50
prefabRock,28,-50
prefabPackedRegolith,27,-50
prefabRegolith,26,-50.999
prefabRegolith,25,-50
prefabRegolith,24,-50
prefabRock,20,-50
prefabTaenite,15,-50
prefabRock,14,-50
prefabKamacite,13,-50
prefabRegolith,12,-50
prefabTaenite,11,-50
prefabRegolith,5,-50
prefabRegolith,4,-50
prefabRock,3,-50
prefabRegolith,2,-50
prefabRegolith,1,-50
prefabRegolith,0,-50
prefabPackedRegolith,39,-49
prefabPackedRegolith,37,-49
prefabPackedRegolith,36,-49
prefabRegolith,35,-49
prefabKamacite,34,-49
prefabKamacite,33,-49
prefabRegolith,32,-49.998
prefabPackedRegolith,31,-49
prefabKamacite,30,-49
prefabRock,29,-49
prefabPackedRegolith,28,-49
prefabRegolith,27,-49
prefabRegolith,26,-49.998
prefabPackedRegolith,25,-49
prefabRock,24,-49
prefabKamacite,23,-49
prefabRegolith,22,-49
prefabRock,21,-49
prefabPackedRegolith,20,-49
prefabPackedRegolith,15,-49
prefabRegolith,14,-49
prefabPackedRegolith,13,-49
prefabRegolith,12,-49
prefabPackedRegolith,11,-49
prefabRegolith,7,-49
prefabPackedRegolith,6,-49
prefabRegolith,5,-49
prefabPackedRegolith,4,-49
prefabRock,3,-49
prefabPackedRegolith,1,-49
prefabTaenite,0,-49
prefabRegolith,39,-48
prefabPackedRegolith,35,-48
prefabPackedRegolith,34,-48
prefabKamacite,32,-48
prefabPackedRegolith,31,-48
prefabPackedRegolith,30,-48
prefabRegolith,29,-48
prefabTaenite,28,-48
prefabRock,26,-48
prefabPackedRegolith,25,-48
prefabRegolith,24,-48
prefabPackedRegolith,23,-48
prefabKamacite,22,-48
prefabPackedRegolith,20,-48
prefabPackedRegolith,18,-48
prefabRegolith,17,-48
prefabPackedRegolith,16,-48
prefabRock,15,-48
prefabRegolith,14,-48
prefabTaenite,13,-48
prefabRegolith,12,-48
prefabRegolith,11,-48
prefabPackedRegolith,10,-48
prefabPackedRegolith,9,-48
prefabRegolith,8,-48.999
prefabRegolith,7,-48
prefabRegolith,6,-48
prefabRegolith,5,-48
prefabRock,4,-48
prefabRegolith,3,-48
prefabRock,2,-48
prefabPackedRegolith,1,-48
prefabPackedRegolith,0,-48
prefabRock,39,-47
prefabPackedRegolith,35,-47
prefabTaenite,34,-47
prefabRegolith,32,-47
prefabTaenite,30,-47
prefabKamacite,29,-47
prefabTaenite,28,-47
prefabPackedRegolith,27,-47
prefabRegolith,26,-47
prefabPackedRegolith,25,-47
prefabRegolith,24,-47
prefabRegolith,23,-47
prefabPackedRegolith,22,-47
prefabRegolith,21,-47.999
prefabRegolith,20,-47
prefabTaenite,19,-47
prefabRegolith,18,-47
prefabRegolith,17,-47
prefabRock,15,-47
prefabPackedRegolith,14,-47
prefabRegolith,13,-47
prefabPackedRegolith,12,-47
prefabPackedRegolith,11,-47
prefabKamacite,10,-47
prefabRock,9,-47
prefabPackedRegolith,8,-47
prefabPackedRegolith,7,-47
prefabRock,6,-47
prefabPackedRegolith,5,-47
prefabRegolith,4,-47
prefabTaenite,3,-47
prefabRegolith,2,-47
prefabPackedRegolith,1,-47
prefabPackedRegolith,0,-47
prefabPackedRegolith,39,-46
prefabRock,35,-46
prefabRock,34,-46
prefabKamacite,33,-46
prefabRock,32,-46
prefabPackedRegolith,31,-46
prefabPackedRegolith,30,-46
prefabRock,29,-46
prefabRegolith,28,-46
prefabRegolith,27,-46
prefabRegolith,26,-46
prefabTaenite,25,-46
prefabPackedRegolith,24,-46
prefabPackedRegolith,23,-46
prefabRegolith,22,-46
prefabRegolith,21,-46.998
prefabRock,20,-46
prefabRegolith,18,-46
prefabRegolith,17,-46
prefabPackedRegolith,14,-46
prefabRegolith,13,-46
prefabPackedRegolith,12,-46
prefabKamacite,11,-46
prefabTaenite,8,-46
prefabRegolith,7,-46
prefabRock,6,-46
prefabPackedRegolith,5,-46
prefabPackedRegolith,4,-46
prefabRegolith,3,-46
prefabRegolith,1,-46
prefabKamacite,0,-46
prefabKamacite,39,-45
prefabPackedRegolith,38,-45
prefabPackedRegolith,37,-45
prefabPackedRegolith,36,-45
prefabRock,35,-45
prefabRock,34,-45
prefabRegolith,33,-45
prefabKamacite,32,-45
prefabRock,31,-45
prefabPackedRegolith,30,-45
prefabRegolith,29,-45
prefabPackedRegolith,28,-45
prefabRock,27,-45
prefabTaenite,26,-45
prefabRegolith,23,-45
prefabRegolith,22,-45
prefabPackedRegolith,21,-45
prefabKamacite,20,-45
prefabRegolith,19,-45.999
prefabPackedRegolith,18,-45
prefabPackedRegolith,17,-45
prefabRock,16,-45
prefabRock,14,-45
prefabPackedRegolith,13,-45
prefabRegolith,12,-45
prefabPackedRegolith,11,-45
prefabRegolith,10,-45.999
prefabRegolith,9,-45.999
prefabRock,8,-45
prefabPackedRegolith,7,-45
prefabRock,6,-45
prefabPackedRegolith,5,-45
prefabRegolith,4,-45
prefabTaenite,3,-45
prefabRock,2,-45
prefabKamacite,1,-45
prefabRock,0,-45
prefabPackedRegolith,39,-44
prefabPackedRegolith,38,-44
prefabRock,37,-44
prefabPackedRegolith,36,-44
prefabRegolith,35,-44
prefabPackedRegolith,34,-44
prefabPackedRegolith,33,-44
prefabPackedRegolith,32,-44
prefabRegolith,31,-44
prefabRock,30,-44
prefabRock,29,-44
prefabPackedRegolith,28,-44
prefabPackedRegolith,27,-44
prefabRock,26,-44
prefabPackedRegolith,23,-44
prefabRock,22,-44
prefabRock,21,-44
prefabTaenite,20,-44
prefabPackedRegolith,19,-44
prefabRock,18,-44
prefabRegolith,17,-44
prefabPackedRegolith,16,-44
prefabPackedRegolith,15,-44
prefabKamacite,14,-44
prefabPackedRegolith,13,-44
prefabPackedRegolith,12,-44
prefabRock,11,-44
prefabRock,10,-44
prefabPackedRegolith,9,-44
prefabRegolith,5,-44
prefabPackedRegolith,4,-44
prefabRegolith,3,-44
prefabTaenite,2,-44
prefabTaenite,1,-44
prefabPackedRegolith,0,-44
prefabRegolith,39,-43
prefabPackedRegolith,38,-43
prefabRock,37,-43
prefabPackedRegolith,36,-43
prefabPackedRegolith,35,-43
prefabTaenite,34,-43
prefabRegolith,33,-43
prefabPackedRegolith,32,-43
prefabRegolith,30,-43
prefabRegolith,29,-43
prefabRock,28,-43
prefabKamacite,27,-43
prefabRegolith,26,-43
prefabKamacite,25,-43
prefabTaenite,24,-43
prefabPackedRegolith,23,-43
prefabKamacite,22,-43
prefabRegolith,21,-43
prefabPackedRegolith,20,-43
prefabTaenite,19,-43
prefabPackedRegolith,18,-43
prefabRegolith,17,-43
prefabPackedRegolith,16,-43
prefabRock,15,-43
prefabPackedRegolith,14,-43
prefabRegolith,13,-43
prefabKamacite,12,-43
prefabRock,11,-43
prefabRegolith,10,-43
prefabPackedRegolith,9,-43
prefabPackedRegolith,8,-43
prefabRock,5,-43
prefabPackedRegolith,3,-43
prefabPackedRegolith,2,-43
prefabKamacite,1,-43
prefabPackedRegolith,0,-43
prefabRegolith,39,-42
prefabPackedRegolith,38,-42
prefabRock,37,-42
prefabRock,36,-42
prefabRegolith,35,-42
prefabRock,34,-42
prefabRegolith,33,-42
prefabPackedRegolith,32,-42
prefabRock,31,-42
prefabPackedRegolith,30,-42
prefabPackedRegolith,29,-42
prefabTaenite,28,-42
prefabTaenite,27,-42
prefabPackedRegolith,26,-42
prefabRock,25,-42
prefabPackedRegolith,24,-42
prefabRegolith,23,-42
prefabRock,22,-42
prefabPackedRegolith,21,-42
prefabKamacite,20,-42
prefabKamacite,19,-42
prefabRegolith,18,-42
prefabTaenite,17,-42
prefabRegolith,13,-42
prefabTaenite,12,-42
prefabRegolith,11,-42
prefabKamacite,10,-42
prefabRock,9,-42
prefabRegolith,8,-42
prefabPackedRegolith,7,-42
prefabRegolith,6,-42
prefabPackedRegolith,5,-42
prefabPackedRegolith,4,-42
prefabKamacite,3,-42
prefabPackedRegolith,2,-42
prefabRegolith,1,-42
prefabRegolith,0,-42
prefabPackedRegolith,39,-41
prefabRock,38,-41
prefabPackedRegolith,37,-41
prefabRegolith,36,-41
prefabRegolith,35,-41
prefabRock,34,-41
prefabRegolith,33,-41
prefabTaenite,32,-41
prefabRegolith,31,-41
prefabTaenite,30,-41
prefabRock,29,-41
prefabRock,28,-41
prefabRegolith,27,-41
prefabPackedRegolith,26,-41
prefabRock,25,-41
prefabRock,24,-41
prefabPackedRegolith,23,-41
prefabPackedRegolith,22,-41
prefabRegolith,21,-41
prefabRock,20,-41
prefabPackedRegolith,17,-41
prefabRock,14,-41
prefabRegolith,13,-41
prefabRegolith,12,-41
prefabRock,11,-41
prefabRock,10,-41
prefabRegolith,9,-41
prefabPackedRegolith,7,-41
prefabPackedRegolith,6,-41
prefabRock,5,-41
prefabTaenite,4,-41
prefabRock,3,-41
prefabPackedRegolith,2,-41
prefabPackedRegolith,1,-41
prefabRegolith,0,-41
prefabPackedRegolith,39,-40
prefabRegolith,38,-40
prefabPackedRegolith,33,-40
prefabPackedRegolith,32,-40
prefabRegolith,31,-40
prefabRegolith,29,-40
prefabPackedRegolith,28,-40
prefabPackedRegolith,27,-40
prefabPackedRegolith,26,-40
prefabRock,25,-40
prefabRegolith,24,-40
prefabRock,23,-40
prefabTaenite,22,-40
prefabPackedRegolith,21,-40
prefabRegolith,20,-40
prefabPackedRegolith,16,-40
prefabTaenite,15,-40
prefabPackedRegolith,14,-40
prefabPackedRegolith,13,-40
prefabRock,12,-40
prefabRock,11,-40
prefabPackedRegolith,10,-40
prefabPackedRegolith,9,-40
prefabPackedRegolith,8,-40
prefabRock,7,-40
prefabRegolith,6,-40
prefabRock,5,-40
prefabRock,4,-40
prefabPackedRegolith,3,-40
prefabRock,2,-40
prefabRegolith,1,-40
prefabPackedRegolith,0,-40
prefabPackedRegolith,39,-39
prefabRock,38,-39
prefabRock,33,-39
prefabRock,32,-39
prefabPackedRegolith,31,-39
prefabRock,29,-39
prefabRock,28,-39
prefabRock,26,-39
prefabRegolith,25,-39
prefabPackedRegolith,24,-39
prefabPackedRegolith,23,-39
prefabRegolith,22,-39
prefabTaenite,21,-39
prefabRock,20,-39
prefabRock,19,-39
prefabPackedRegolith,18,-39
prefabPackedRegolith,17,-39
prefabRock,16,-39
prefabPackedRegolith,15,-39
prefabRock,14,-39
prefabKamacite,13,-39
prefabRock,12,-39
prefabPackedRegolith,10,-39
prefabRegolith,9,-39
prefabKamacite,7,-39
prefabPackedRegolith,6,-39
prefabPackedRegolith,5,-39
prefabTaenite,2,-39
prefabRock,1,-39
prefabRegolith,0,-39
prefabPackedRegolith,39,-38
prefabPackedRegolith,38,-38
prefabPackedRegolith,37,-38
prefabPackedRegolith,36,-38
prefabRegolith,35,-38
prefabPackedRegolith,34,-38
prefabRegolith,33,-38
prefabKamacite,32,-38
prefabRock,31,-38
prefabRock,30,-38
prefabRegolith,29,-38
prefabTaenite,28,-38
prefabRegolith,27,-38.999
prefabRegolith,26,-38
prefabRegolith,25,-38
prefabRock,24,-38
prefabPackedRegolith,23,-38
prefabRock,22,-38
prefabPackedRegolith,21,-38
prefabTaenite,20,-38
prefabPackedRegolith,19,-38
prefabRegolith,18,-38
prefabPackedRegolith,17,-38
prefabPackedRegolith,16,-38
prefabRegolith,15,-38
prefabPackedRegolith,14,-38
prefabPackedRegolith,12,-38
prefabPackedRegolith,11,-38
prefabRegolith,10,-38
prefabRegolith,9,-38
prefabRock,8,-38
prefabPackedRegolith,7,-38
prefabPackedRegolith,6,-38
prefabRegolith,2,-38
prefabRock,1,-38
prefabPackedRegolith,0,-38
prefabPackedRegolith,39,-37
prefabPackedRegolith,38,-37
prefabRock,37,-37
prefabPackedRegolith,36,-37
prefabTaenite,35,-37
prefabKamacite,34,-37
prefabRegolith,33,-37
prefabRock,32,-37
prefabRegolith,31,-37
prefabPackedRegolith,30,-37
prefabRegolith,29,-37
prefabPackedRegolith,28,-37
prefabRock,27,-37
prefabPackedRegolith,26,-37
prefabRegolith,25,-37
prefabPackedRegolith,20,-37
prefabRegolith,14,-37
prefabPackedRegolith,13,-37
prefabPackedRegolith,12,-37
prefabPackedRegolith,11,-37
prefabPackedRegolith,10,-37
prefabPackedRegolith,9,-37
prefabRock,8,-37
prefabRegolith,7,-37
prefabTaenite,6,-37
prefabRock,5,-37
prefabPackedRegolith,4,-37
prefabPackedRegolith,3,-37
prefabRegolith,2,-37
prefabPackedRegolith,1,-37
prefabPackedRegolith,0,-37
prefabRock,39,-36
prefabPackedRegolith,38,-36
prefabPackedRegolith,37,-36
prefabRegolith,36,-36
prefabRock,35,-36
prefabRegolith,34,-36
prefabPackedRegolith,33,-36
prefabPackedRegolith,32,-36
prefabPackedRegolith,31,-36
prefabRock,30,-36
prefabRegolith,29,-36
prefabRock,28,-36
prefabTaenite,27,-36
prefabPackedRegolith,25,-36
prefabTaenite,19,-36
prefabPackedRegolith,14,-36
prefabKamacite,13,-36
prefabRock,12,-36
prefabPackedRegolith,10,-36
prefabRock,9,-36
prefabRegolith,8,-36
prefabPackedRegolith,7,-36
prefabTaenite,6,-36
prefabRegolith,5,-36
prefabRegolith,4,-36
prefabRock,3,-36
prefabRegolith,2,-36
prefabRegolith,1,-36
prefabPackedRegolith,0,-36
prefabKamacite,39,-35
prefabRock,38,-35
prefabRock,37,-35
prefabPackedRegolith,36,-35
prefabTaenite,35,-35
prefabRegolith,34,-35
prefabKamacite,33,-35
prefabRock,32,-35
prefabPackedRegolith,30,-35
prefabRock,29,-35
prefabRock,28,-35
prefabRegolith,27,-35
prefabPackedRegolith,26,-35
prefabRegolith,25,-35
prefabRegolith,20,-35.999
prefabRegolith,19,-35
prefabRock,14,-35
prefabRegolith,13,-35
prefabRegolith,12,-35
prefabPackedRegolith,11,-35
prefabRegolith,10,-35
prefabRock,9,-35
prefabRegolith,8,-35
prefabPackedRegolith,7,-35
prefabPackedRegolith,6,-35
prefabRegolith,5,-35
prefabRegolith,4,-35
prefabRegolith,3,-35
prefabPackedRegolith,2,-35
prefabRock,1,-35
prefabPackedRegolith,0,-35
prefabTaenite,39,-34
prefabRock,38,-34
prefabRegolith,37,-34
prefabRock,36,-34
prefabPackedRegolith,35,-34
prefabPackedRegolith,34,-34
prefabRock,32,-34
prefabRegolith,31,-34.999
prefabPackedRegolith,30,-34
prefabRegolith,29,-34
prefabPackedRegolith,28,-34
prefabRegolith,27,-34
prefabPackedRegolith,26,-34
prefabKamacite,25,-34
prefabPackedRegolith,24,-34
prefabRegolith,23,-35.999
prefabPackedRegolith,22,-34
prefabPackedRegolith,21,-34
prefabRegolith,20,-34.998
prefabKamacite,19,-34
prefabTaenite,18,-34
prefabRock,17,-34
prefabRegolith,16,-35.999
prefabRegolith,15,-35.999
prefabPackedRegolith,14,-34
prefabRegolith,13,-34
prefabRock,12,-34
prefabPackedRegolith,11,-34
prefabPackedRegolith,10,-34
prefabRegolith,9,-34
prefabRegolith,7,-34
prefabPackedRegolith,6,-34
prefabRegolith,5,-34
prefabPackedRegolith,4,-34
prefabPackedRegolith,3,-34
prefabPackedRegolith,2,-34
prefabRegolith,1,-34
prefabRock,0,-34
prefabTaenite,39,-33
prefabRock,38,-33
prefabPackedRegolith,37,-33
prefabRegolith,36,-33
prefabRock,35,-33
prefabRock,34,-33
prefabPackedRegolith,33,-33
prefabRock,32,-33
prefabPackedRegolith,29,-33
prefabKamacite,28,-33
prefabPackedRegolith,27,-33
prefabRegolith,26,-33
prefabRock,25,-33
prefabKamacite,24,-33
prefabPackedRegolith,23,-33
prefabPackedRegolith,22,-33
prefabPackedRegolith,21,-33
prefabPackedRegolith,20,-33
prefabPackedRegolith,19,-33
prefabRock,18,-33
prefabPackedRegolith,17,-33
prefabKamacite,16,-33
prefabPackedRegolith,15,-33
prefabPackedRegolith,14,-33
prefabPackedRegolith,13,-33
prefabPackedRegolith,12,-33
prefabRegolith,11,-33
prefabPackedRegolith,6,-33
prefabRegolith,3,-33
prefabRock,2,-33
prefabRegolith,1,-33
prefabRock,0,-33
prefabRock,38,-32
prefabRegolith,37,-32
prefabRegolith,36,-32
prefabRock,35,-32
prefabRegolith,34,-32
prefabPackedRegolith,33,-32
prefabTaenite,32,-32
prefabKamacite,29,-32
prefabPackedRegolith,28,-32
prefabPackedRegolith,27,-32
prefabKamacite,26,-32
prefabPackedRegolith,25,-32
prefabKamacite,24,-32
prefabRock,23,-32
prefabPackedRegolith,22,-32
prefabRegolith,21,-32
prefabKamacite,20,-32
prefabRegolith,19,-32
prefabTaenite,18,-32
prefabPackedRegolith,17,-32
prefabRock,16,-32
prefabPackedRegolith,15,-32
prefabRock,14,-32
prefabRock,13,-32
prefabPackedRegolith,12,-32
prefabPackedRegolith,11,-32
prefabRock,6,-32
prefabRegolith,3,-32
prefabRock,2,-32
prefabKamacite,1,-32
prefabTaenite,0,-32
prefabPackedRegolith,39,-31
prefabPackedRegolith,38,-31
prefabRock,37,-31
prefabRock,36,-31
prefabPackedRegolith,35,-31
prefabPackedRegolith,34,-31
prefabKamacite,33,-31
prefabRock,31,-31
prefabRock,30,-31
prefabPackedRegolith,29,-31
prefabKamacite,28,-31
prefabRegolith,27,-31
prefabRegolith,25,-31
prefabRock,24,-31
prefabRock,23,-31
prefabRock,22,-31
prefabPackedRegolith,21,-31
prefabPackedRegolith,20,-31
prefabKamacite,19,-31
prefabRegolith,18,-31
prefabRock,15,-31
prefabPackedRegolith,14,-31
prefabPackedRegolith,13,-31
prefabRegolith,12,-31
prefabPackedRegolith,11,-31
prefabRock,6,-31
prefabRegolith,5,-31
prefabRegolith,3,-31
prefabPackedRegolith,2,-31
prefabPackedRegolith,1,-31
prefabTaenite,0,-31
prefabTaenite,39,-30
prefabPackedRegolith,38,-30
prefabRegolith,37,-30
prefabPackedRegolith,36,-30
prefabPackedRegolith,33,-30
prefabRock,32,-30
prefabRock,31,-30
prefabPackedRegolith,28,-30
prefabRegolith,25,-30
prefabRegolith,24,-30
prefabTaenite,23,-30
prefabRegolith,22,-30
prefabKamacite,21,-30
prefabRegolith,20,-30
prefabRegolith,19,-30
prefabRegolith,18,-30
prefabPackedRegolith,15,-30
prefabRock,14,-30
prefabRegolith,13,-30
prefabPackedRegolith,12,-30
prefabPackedRegolith,11,-30
prefabPackedRegolith,8,-30
prefabRegolith,7,-31.999
prefabRegolith,6,-30
prefabTaenite,5,-30
prefabRock,4,-30
prefabPackedRegolith,3,-30
prefabPackedRegolith,1,-30
prefabRegolith,0,-30
prefabRegolith,38,-29
prefabRock,36,-29
prefabRock,33,-29
prefabRock,32,-29
prefabKamacite,28,-29
prefabPackedRegolith,25,-29
prefabRegolith,24,-29
prefabPackedRegolith,23,-29
prefabRock,22,-29
prefabRegolith,21,-29
prefabKamacite,20,-29
prefabRock,19,-29
prefabRegolith,18,-29
prefabPackedRegolith,17,-29
prefabKamacite,16,-29
prefabRegolith,15,-29
prefabKamacite,14,-29
prefabPackedRegolith,13,-29
prefabRegolith,12,-29
prefabRock,11,-29
prefabRock,8,-29
prefabRegolith,7,-30.998
prefabPackedRegolith,6,-29
prefabPackedRegolith,5,-29
prefabPackedRegolith,4,-29
prefabPackedRegolith,3,-29
prefabRegolith,2,-29.999
prefabPackedRegolith,0,-29
prefabKamacite,39,-28
prefabRegolith,38,-28
prefabPackedRegolith,36,-28
prefabPackedRegolith,35,-28
prefabPackedRegolith,34,-28
prefabPackedRegolith,33,-28
prefabRock,32,-28
prefabKamacite,31,-28
prefabRock,30,-28
prefabRegolith,29,-28
prefabRock,28,-28
prefabPackedRegolith,27,-28
prefabRock,26,-28
prefabRegolith,25,-28
prefabRegolith,24,-28
prefabRegolith,23,-28
prefabRegolith,22,-28
prefabRegolith,21,-28
prefabPackedRegolith,20,-28
prefabPackedRegolith,19,-28
prefabPackedRegolith,18,-28
prefabPackedRegolith,17,-28
prefabPackedRegolith,16,-28
prefabRock,15,-28
prefabKamacite,14,-28
prefabRock,13,-28
prefabRegolith,12,-28
prefabPackedRegolith,11,-28
prefabPackedRegolith,4,-28
prefabKamacite,3,-28
prefabPackedRegolith,2,-28
prefabPackedRegolith,1,-28
prefabRegolith,0,-28
prefabPackedRegolith,39,-27
prefabRegolith,38,-27
prefabRock,37,-27
prefabPackedRegolith,35,-27
prefabPackedRegolith,34,-27
prefabRock,33,-27
prefabPackedRegolith,32,-27
prefabPackedRegolith,31,-27
prefabRegolith,30,-27
prefabRegolith,29,-27
prefabRegolith,28,-27
prefabRock,27,-27
prefabPackedRegolith,26,-27
prefabRock,25,-27
prefabRegolith,24,-27
prefabPackedRegolith,23,-27
prefabRock,22,-27
prefabRegolith,21,-27
prefabPackedRegolith,20,-27
prefabRegolith,18,-27
prefabKamacite,17,-27
prefabTaenite,14,-27
prefabPackedRegolith,13,-27
prefabRock,12,-27
prefabPackedRegolith,4,-27
prefabRegolith,2,-27
prefabRegolith,1,-27
prefabPackedRegolith,0,-27
prefabRegolith,39,-26
prefabTaenite,38,-26
prefabPackedRegolith,37,-26
prefabPackedRegolith,35,-26
prefabRegolith,33,-26
prefabPackedRegolith,32,-26
prefabRegolith,31,-26
prefabRock,30,-26
prefabPackedRegolith,29,-26
prefabRegolith,27,-26
prefabRegolith,26,-26
prefabPackedRegolith,25,-26
prefabPackedRegolith,24,-26
prefabPackedRegolith,23,-26
prefabPackedRegolith,22,-26
prefabRock,21,-26
prefabPackedRegolith,20,-26
prefabTaenite,19,-26
prefabRegolith,18,-26
prefabTaenite,17,-26
prefabPackedRegolith,13,-26
prefabPackedRegolith,12,-26
prefabRegolith,11,-26.999
prefabPackedRegolith,10,-26
prefabPackedRegolith,9,-26
prefabRegolith,4,-26
prefabPackedRegolith,3,-26
prefabTaenite,2,-26
prefabKamacite,1,-26
prefabPackedRegolith,0,-26
prefabRock,39,-25
prefabRock,38,-25
prefabRegolith,37,-25
prefabRegolith,36,-26.999
prefabRegolith,35,-25
prefabKamacite,34,-25
prefabPackedRegolith,33,-25
prefabPackedRegolith,32,-25
prefabRegolith,31,-25
prefabPackedRegolith,29,-25
prefabRock,28,-25
prefabRegolith,27,-25
prefabPackedRegolith,26,-25
prefabPackedRegolith,25,-25
prefabRegolith,24,-25
prefabRegolith,23,-25
prefabPackedRegolith,22,-25
prefabPackedRegolith,21,-25
prefabRock,20,-25
prefabRegolith,19,-25
prefabPackedRegolith,18,-25
prefabRegolith,17,-25
prefabTaenite,16,-25
prefabRegolith,15,-25
prefabRock,14,-25
prefabTaenite,13,-25
prefabRegolith,12,-25
prefabPackedRegolith,11,-25
prefabPackedRegolith,10,-25
prefabPackedRegolith,9,-25
prefabTaenite,8,-25
prefabRegolith,7,-28.996
prefabPackedRegolith,6,-25
prefabRegolith,5,-26.999
prefabPackedRegolith,4,-25
prefabTaenite,3,-25
prefabPackedRegolith,2,-25
prefabPackedRegolith,1,-25
prefabRegolith,0,-25
prefabPackedRegolith,39,-24
prefabPackedRegolith,38,-24
prefabRegolith,37,-24
prefabTaenite,36,-24
prefabPackedRegolith,35,-24
prefabRegolith,34,-24
prefabRegolith,33,-24
prefabPackedRegolith,32,-24
prefabRegolith,31,-24
prefabRegolith,30,-24.999
prefabRegolith,29,-24
prefabPackedRegolith,28,-24
prefabPackedRegolith,27,-24
prefabPackedRegolith,26,-24
prefabRock,25,-24
prefabRock,24,-24
prefabRegolith,23,-24
prefabRegolith,22,-24
prefabPackedRegolith,20,-24
prefabRegolith,19,-24
prefabTaenite,18,-24
prefabTaenite,16,-24
prefabRock,15,-24
prefabKamacite,14,-24
prefabRock,13,-24
prefabRegolith,12,-24
prefabKamacite,11,-24
prefabKamacite,10,-24
prefabRock,9,-24
prefabPackedRegolith,8,-24
prefabTaenite,7,-24
prefabPackedRegolith,6,-24
prefabPackedRegolith,5,-24
prefabPackedRegolith,4,-24
prefabRegolith,3,-24
prefabRegolith,2,-24
prefabRegolith,1,-24
prefabPackedRegolith,0,-24
prefabRegolith,39,-23
prefabPackedRegolith,38,-23
prefabPackedRegolith,37,-23
prefabPackedRegolith,36,-23
prefabPackedRegolith,35,-23
prefabRegolith,34,-23
prefabPackedRegolith,33,-23
prefabKamacite,32,-23
prefabPackedRegolith,31,-23
prefabRock,30,-23
prefabTaenite,29,-23
prefabPackedRegolith,28,-23
prefabRegolith,26,-23
prefabPackedRegolith,25,-23
prefabPackedRegolith,24,-23
prefabRock,23,-23
prefabRegolith,22,-23
prefabPackedRegolith,21,-23
prefabPackedRegolith,16,-23
prefabKamacite,15,-23
prefabPackedRegolith,14,-23
prefabKamacite,11,-23
prefabPackedRegolith,10,-23
prefabPackedRegolith,9,-23
prefabPackedRegolith,8,-23
prefabPackedRegolith,7,-23
prefabKamacite,5,-23
prefabRock,4,-23
prefabRock,3,-23
prefabTaenite,2,-23
prefabRock,1,-23
prefabRegolith,0,-23
prefabKamacite,39,-22
prefabPackedRegolith,38,-22
prefabPackedRegolith,37,-22
prefabPackedRegolith,36,-22
prefabKamacite,35,-22
prefabKamacite,34,-22
prefabTaenite,33,-22
prefabRock,32,-22
prefabPackedRegolith,31,-22
prefabTaenite,30,-22
prefabRock,29,-22
prefabPackedRegolith,28,-22
prefabKamacite,27,-22
prefabRock,26,-22
prefabPackedRegolith,25,-22
prefabPackedRegolith,24,-22
prefabRock,22,-22
prefabRock,21,-22
prefabRegolith,16,-22
prefabRock,15,-22
prefabPackedRegolith,14,-22
prefabRock,13,-22
prefabPackedRegolith,12,-22
prefabPackedRegolith,11,-22
prefabPackedRegolith,10,-22
prefabRock,9,-22
prefabRegolith,8,-22
prefabRegolith,7,-22
prefabPackedRegolith,6,-22
prefabRock,5,-22
prefabRegolith,4,-22
prefabKamacite,3,-22
prefabPackedRegolith,2,-22
prefabRock,1,-22
prefabPackedRegolith,0,-22
prefabRock,39,-21
prefabPackedRegolith,38,-21
prefabPackedRegolith,37,-21
prefabPackedRegolith,36,-21
prefabRegolith,35,-21
prefabRegolith,34,-21
prefabRegolith,33,-21
prefabRock,32,-21
prefabPackedRegolith,31,-21
prefabTaenite,30,-21
prefabPackedRegolith,29,-21
prefabPackedRegolith,28,-21
prefabPackedRegolith,27,-21
prefabPackedRegolith,26,-21
prefabRock,25,-21
prefabRock,24,-21
prefabKamacite,23,-21
prefabPackedRegolith,22,-21
prefabRegolith,16,-21
prefabRegolith,15,-21
prefabPackedRegolith,14,-21
prefabRegolith,13,-21
prefabPackedRegolith,11,-21
prefabPackedRegolith,10,-21
prefabPackedRegolith,9,-21
prefabPackedRegolith,8,-21
prefabRegolith,7,-21
prefabPackedRegolith,6,-21
prefabPackedRegolith,5,-21
prefabRegolith,4,-21
prefabPackedRegolith,3,-21
prefabRock,2,-21
prefabTaenite,1,-21
prefabPackedRegolith,0,-21
prefabRegolith,39,-20
prefabPackedRegolith,38,-20
prefabKamacite,37,-20
prefabRock,36,-20
prefabPackedRegolith,35,-20
prefabRegolith,34,-20
prefabPackedRegolith,33,-20
prefabRock,32,-20
prefabRegolith,31,-20
prefabPackedRegolith,30,-20
prefabPackedRegolith,29,-20
prefabRock,28,-20
prefabRock,27,-20
prefabRock,26,-20
prefabPackedRegolith,25,-20
prefabPackedRegolith,24,-20
prefabRegolith,23,-20
prefabRock,22,-20
prefabRegolith,21,-20.999
prefabRegolith,20,-21.999
prefabRegolith,19,-21.999
prefabPackedRegolith,18,-20
prefabRegolith,17,-21.999
prefabPackedRegolith,12,-20
prefabRegolith,11,-20
prefabPackedRegolith,10,-20
prefabRock,9,-20
prefabRegolith,8,-20
prefabRegolith,7,-20
prefabRegolith,6,-20
prefabTaenite,5,-20
prefabRock,4,-20
prefabPackedRegolith,3,-20
prefabRegolith,2,-20
prefabTaenite,1,-20
prefabRegolith,0,-20
prefabRegolith,39,-19
prefabKamacite,38,-19
prefabPackedRegolith,37,-19
prefabPackedRegolith,36,-19
prefabTaenite,35,-19
prefabPackedRegolith,34,-19
prefabRegolith,33,-19
prefabPackedRegolith,32,-19
prefabRegolith,31,-19
prefabRegolith,30,-19
prefabRegolith,29,-19
prefabPackedRegolith,28,-19
prefabTaenite,27,-19
prefabRegolith,26,-19
prefabRegolith,25,-19
prefabRock,20,-19
prefabRegolith,19,-20.998
prefabPackedRegolith,18,-19
prefabRegolith,17,-20.998
prefabPackedRegolith,16,-19
prefabTaenite,15,-19
prefabRegolith,12,-19
prefabPackedRegolith,11,-19
prefabRegolith,10,-19
prefabRegolith,9,-19
prefabRock,8,-19
prefabPackedRegolith,7,-19
prefabPackedRegolith,6,-19
prefabPackedRegolith,4,-19
prefabRegolith,3,-19
prefabRegolith,2,-19
prefabPackedRegolith,1,-19
prefabRock,0,-19
prefabRock,39,-18
prefabPackedRegolith,38,-18
prefabRegolith,37,-18
prefabRock,36,-18
prefabKamacite,35,-18
prefabPackedRegolith,34,-18
prefabPackedRegolith,33,-18
prefabTaenite,32,-18
prefabPackedRegolith,31,-18
prefabRock,30,-18
prefabKamacite,29,-18
prefabTaenite,27,-18
prefabRock,26,-18
prefabRegolith,20,-18
prefabRegolith,19,-19.997
prefabPackedRegolith,18,-18
prefabPackedRegolith,17,-18
prefabKamacite,16,-18
prefabRock,15,-18
prefabRock,14,-18
prefabRock,13,-18
prefabRock,12,-18
prefabPackedRegolith,11,-18
prefabTaenite,10,-18
prefabRegolith,9,-18
prefabRegolith,8,-18
prefabRock,7,-18
prefabPackedRegolith,6,-18
prefabRegolith,4,-18
prefabPackedRegolith,3,-18
prefabRock,2,-18
prefabPackedRegolith,1,-18
prefabTaenite,38,-17
prefabTaenite,37,-17
prefabRegolith,36,-17
prefabRegolith,35,-17
prefabRock,34,-17
prefabPackedRegolith,33,-17
prefabRock,32,-17
prefabPackedRegolith,31,-17
prefabPackedRegolith,30,-17
prefabRegolith,29,-17
prefabRock,26,-17
prefabRock,25,-17
prefabPackedRegolith,20,-17
prefabRegolith,19,-18.996
prefabRock,18,-17
prefabTaenite,17,-17
prefabPackedRegolith,16,-17
prefabRegolith,15,-17
prefabRegolith,14,-17
prefabRock,13,-17
prefabKamacite,12,-17
prefabRock,11,-17
prefabPackedRegolith,10,-17
prefabRegolith,9,-17
prefabRock,8,-17
prefabRock,7,-17
prefabPackedRegolith,6,-17
prefabRegolith,5,-18.999
prefabRock,2,-17
prefabTaenite,1,-17
prefabPackedRegolith,0,-17
prefabRegolith,39,-16.999
prefabPackedRegolith,38,-16
prefabTaenite,35,-16
prefabPackedRegolith,34,-16
prefabRegolith,33,-16
prefabRegolith,32,-16
prefabRock,31,-16
prefabRegolith,30,-16
prefabRegolith,29,-16
prefabRock,26,-16
prefabRegolith,25,-16
prefabRegolith,20,-16
prefabPackedRegolith,19,-16
prefabRock,18,-16
prefabRegolith,17,-16
prefabRegolith,16,-16
prefabPackedRegolith,15,-16
prefabRegolith,14,-16
prefabRegolith,13,-16
prefabRock,12,-16
prefabPackedRegolith,11,-16
prefabRegolith,10,-16
prefabPackedRegolith,9,-16
prefabPackedRegolith,8,-16
prefabRegolith,7,-16
prefabPackedRegolith,6,-16
prefabPackedRegolith,5,-16
prefabRegolith,2,-16
prefabRegolith,1,-16
prefabRegolith,0,-16
prefabRegolith,39,-15.998
prefabRegolith,38,-15
prefabPackedRegolith,35,-15
prefabRock,33,-15
prefabRock,32,-15
prefabRegolith,31,-15
prefabRock,30,-15
prefabTaenite,29,-15
prefabRegolith,28,-15
prefabPackedRegolith,27,-15
prefabPackedRegolith,26,-15
prefabRock,25,-15
prefabPackedRegolith,20,-15
prefabRock,17,-15
prefabPackedRegolith,16,-15
prefabRegolith,15,-15
prefabRegolith,14,-15
prefabPackedRegolith,13,-15
prefabRegolith,12,-15
prefabKamacite,10,-15
prefabPackedRegolith,9,-15
prefabPackedRegolith,8,-15
prefabPackedRegolith,7,-15
prefabPackedRegolith,6,-15
prefabPackedRegolith,5,-15
prefabPackedRegolith,4,-15
prefabKamacite,3,-15
prefabPackedRegolith,2,-15
prefabPackedRegolith,1,-15
prefabRock,0,-15
prefabRegolith,39,-14.997
prefabPackedRegolith,38,-14
prefabKamacite,37,-14
prefabPackedRegolith,36,-14
prefabRegolith,35,-14
prefabKamacite,34,-14
prefabPackedRegolith,33,-14
prefabPackedRegolith,32,-14
prefabRegolith,30,-14
prefabRock,29,-14
prefabPackedRegolith,28,-14
prefabPackedRegolith,27,-14
prefabRock,26,-14
prefabPackedRegolith,25,-14
prefabPackedRegolith,20,-14
prefabPackedRegolith,17,-14
prefabPackedRegolith,16,-14
prefabPackedRegolith,15,-14
prefabRock,14,-14
prefabRegolith,13,-14
prefabPackedRegolith,12,-14
prefabRock,11,-14
prefabPackedRegolith,10,-14
prefabPackedRegolith,9,-14
prefabRegolith,8,-14
prefabRegolith,7,-14
prefabPackedRegolith,6,-14
prefabPackedRegolith,5,-14
prefabTaenite,4,-14
prefabRegolith,3,-14
prefabRegolith,2,-14
prefabRock,0,-14
prefabPackedRegolith,38,-13
prefabRegolith,37,-13
prefabPackedRegolith,36,-13
prefabRock,34,-13
prefabRegolith,33,-13
prefabTaenite,32,-13
prefabRegolith,31,-13.999
prefabRegolith,30,-13
prefabRock,29,-13
prefabRegolith,28,-13
prefabRock,26,-13
prefabPackedRegolith,25,-13
prefabPackedRegolith,24,-13
prefabTaenite,23,-13
prefabPackedRegolith,22,-13
prefabRegolith,21,-14.999
prefabRock,20,-13
prefabPackedRegolith,19,-13
prefabPackedRegolith,18,-13
prefabPackedRegolith,17,-13
prefabKamacite,16,-13
prefabRock,15,-13
prefabPackedRegolith,14,-13
prefabRegolith,13,-13
prefabRegolith,12,-13
prefabKamacite,11,-13
prefabRegolith,10,-13
prefabRegolith,8,-13
prefabRock,7,-13
prefabRegolith,6,-13
prefabRock,5,-13
prefabRock,4,-13
prefabPackedRegolith,3,-13
prefabPackedRegolith,2,-13
prefabTaenite,1,-13
prefabPackedRegolith,0,-13
prefabPackedRegolith,39,-12
prefabPackedRegolith,38,-12
prefabPackedRegolith,37,-12
prefabPackedRegolith,36,-12
prefabRock,35,-12
prefabRock,34,-12
prefabRegolith,33,-12
prefabPackedRegolith,32,-12
prefabRock,31,-12
prefabTaenite,30,-12
prefabPackedRegolith,29,-12
prefabPackedRegolith,28,-12
prefabRock,27,-12
prefabRegolith,24,-12
prefabPackedRegolith,23,-12
prefabRegolith,22,-12
prefabPackedRegolith,21,-12
prefabRegolith,20,-12
prefabPackedRegolith,19,-12
prefabKamacite,18,-12
prefabPackedRegolith,17,-12
prefabPackedRegolith,16,-12
prefabPackedRegolith,15,-12
prefabTaenite,14,-12
prefabPackedRegolith,13,-12
prefabRock,12,-12
prefabRock,11,-12
prefabPackedRegolith,9,-12
prefabRegolith,6,-12
prefabRock,5,-12
prefabRegolith,4,-12
prefabPackedRegolith,3,-12
prefabPackedRegolith,2,-12
prefabPackedRegolith,0,-12
prefabRegolith,39,-11
prefabPackedRegolith,38,-11
prefabRegolith,37,-11
prefabKamacite,36,-11
prefabRegolith,35,-11
prefabPackedRegolith,34,-11
prefabRegolith,33,-11
prefabTaenite,32,-11
prefabPackedRegolith,31,-11
prefabTaenite,30,-11
prefabRegolith,29,-11
prefabRegolith,28,-11
prefabPackedRegolith,27,-11
prefabRock,24,-11
prefabKamacite,23,-11
prefabPackedRegolith,22,-11
prefabPackedRegolith,20,-11
prefabRock,18,-11
prefabPackedRegolith,17,-11
prefabRegolith,16,-11
prefabRock,15,-11
prefabTaenite,13,-11
prefabRegolith,8,-11.999
prefabPackedRegolith,6,-11
prefabPackedRegolith,5,-11
prefabRegolith,4,-11
prefabRegolith,3,-11
prefabPackedRegolith,2,-11
prefabPackedRegolith,1,-11
prefabRegolith,0,-11
prefabPackedRegolith,39,-10
prefabRegolith,38,-10
prefabKamacite,37,-10
prefabPackedRegolith,35,-10
prefabPackedRegolith,34,-10
prefabRegolith,33,-10
prefabRegolith,32,-10
prefabRegolith,31,-10
prefabRock,30,-10
prefabPackedRegolith,27,-10
prefabRock,25,-10
prefabTaenite,24,-10
prefabRegolith,23,-10
prefabRegolith,15,-10
prefabRegolith,14,-10.999
prefabRegolith,13,-10
prefabTaenite,8,-10
prefabRegolith,7,-11.999
prefabPackedRegolith,6,-10
prefabPackedRegolith,5,-10
prefabRegolith,4,-10
prefabRegolith,3,-10
prefabRegolith,2,-10
prefabPackedRegolith,1,-10
prefabPackedRegolith,0,-10
prefabRegolith,39,-9
prefabRegolith,38,-9
prefabTaenite,37,-9
prefabRegolith,36,-9.999
prefabPackedRegolith,35,-9
prefabRegolith,34,-9
prefabRock,33,-9
prefabPackedRegolith,32,-9
prefabRock,31,-9
prefabPackedRegolith,30,-9
prefabRegolith,29,-9.999
prefabRegolith,26,-9.999
prefabTaenite,15,-9
prefabPackedRegolith,14,-9
prefabPackedRegolith,13,-9
prefabPackedRegolith,8,-9
prefabTaenite,7,-9
prefabRock,6,-9
prefabRock,5,-9
prefabRock,4,-9
prefabRock,3,-9
prefabRock,1,-9
prefabRegolith,0,-9
prefabPackedRegolith,39,-8
prefabRegolith,38,-8
prefabRock,37,-8
prefabTaenite,36,-8
prefabKamacite,35,-8
prefabRegolith,34,-8
prefabPackedRegolith,33,-8
prefabRegolith,32,-8
prefabRock,30,-8
prefabPackedRegolith,29,-8
prefabPackedRegolith,28,-8
prefabPackedRegolith,27,-8
prefabTaenite,24,-8
prefabRegolith,15,-8
prefabKamacite,14,-8
prefabRegolith,13,-8
prefabRegolith,12,-9.999
prefabKamacite,11,-8
prefabPackedRegolith,10,-8
prefabPackedRegolith,7,-8
prefabTaenite,6,-8
prefabPackedRegolith,5,-8
prefabRegolith,4,-8
prefabPackedRegolith,3,-8
prefabRegolith,2,-8.999
prefabPackedRegolith,1,-8
prefabKamacite,0,-8
prefabTaenite,39,-7
prefabRock,38,-7
prefabRegolith,37,-7
prefabPackedRegolith,36,-7
prefabPackedRegolith,34,-7
prefabTaenite,33,-7
prefabPackedRegolith,32,-7
prefabPackedRegolith,31,-7
prefabRock,30,-7
prefabPackedRegolith,29,-7
prefabPackedRegolith,28,-7
prefabPackedRegolith,27,-7
prefabPackedRegolith,26,-7
prefabTaenite,24,-7
prefabRegolith,15,-7
prefabPackedRegolith,12,-7
prefabPackedRegolith,11,-7
prefabPackedRegolith,10,-7
prefabPackedRegolith,7,-7
prefabRegolith,6,-7
prefabPackedRegolith,5,-7
prefabPackedRegolith,4,-7
prefabRegolith,3,-7
prefabKamacite,2,-7
prefabPackedRegolith,1,-7
prefabRegolith,0,-7
prefabRegolith,39,-6
prefabPackedRegolith,37,-6
prefabPackedRegolith,36,-6
prefabKamacite,35,-6
prefabPackedRegolith,34,-6
prefabRock,33,-6
prefabPackedRegolith,32,-6
prefabPackedRegolith,31,-6
prefabRock,30,-6
prefabRock,29,-6
prefabPackedRegolith,28,-6
prefabPackedRegolith,27,-6
prefabTaenite,25,-6
prefabRegolith,24,-6
prefabPackedRegolith,23,-6
prefabKamacite,15,-6
prefabPackedRegolith,12,-6
prefabPackedRegolith,11,-6
prefabPackedRegolith,10,-6
prefabRegolith,9,-6
prefabRock,8,-6
prefabRock,7,-6
prefabKamacite,6,-6
prefabRegolith,5,-6
prefabPackedRegolith,4,-6
prefabPackedRegolith,3,-6
prefabRegolith,2,-6
prefabRock,1,-6
prefabPackedRegolith,0,-6
prefabKamacite,39,-5
prefabTaenite,38,-5
prefabRegolith,37,-5
prefabRegolith,36,-5
prefabPackedRegolith,35,-5
prefabRegolith,34,-5
prefabPackedRegolith,33,-5
prefabKamacite,32,-5
prefabPackedRegolith,31,-5
prefabRegolith,30,-5
prefabRock,29,-5
prefabPackedRegolith,28,-5
prefabPackedRegolith,27,-5
prefabPackedRegolith,26,-5
prefabRock,25,-5
prefabRock,24,-5
prefabRegolith,23,-5
prefabRegolith,15,-5
prefabPackedRegolith,14,-5
prefabRock,13,-5
prefabRock,12,-5
prefabTaenite,10,-5
prefabRegolith,9,-5
prefabRegolith,7,-5
prefabRock,6,-5
prefabPackedRegolith,5,-5
prefabPackedRegolith,4,-5
prefabRock,3,-5
prefabPackedRegolith,2,-5
prefabPackedRegolith,1,-5
prefabRegolith,0,-5
prefabRock,39,-4
prefabKamacite,38,-4
prefabPackedRegolith,37,-4
prefabRegolith,34,-4
prefabRock,33,-4
prefabKamacite,32,-4
prefabPackedRegolith,31,-4
prefabRegolith,30,-4
prefabRegolith,29,-4
prefabTaenite,28,-4
prefabPackedRegolith,27,-4
prefabPackedRegolith,25,-4
prefabPackedRegolith,24,-4
prefabRock,22,-4
prefabRegolith,21,-4
prefabPackedRegolith,20,-4
prefabTaenite,19,-4
prefabRock,18,-4
prefabPackedRegolith,17,-4
prefabRock,16,-4
prefabRegolith,15,-4
prefabRegolith,14,-4
prefabTaenite,13,-4
prefabTaenite,12,-4
prefabRock,11,-4
prefabRock,10,-4
prefabPackedRegolith,9,-4
prefabTaenite,8,-4
prefabRock,7,-4
prefabPackedRegolith,6,-4
prefabPackedRegolith,5,-4
prefabPackedRegolith,4,-4
prefabPackedRegolith,3,-4
prefabRock,2,-4
prefabRegolith,1,-4
prefabRock,0,-4
prefabPackedRegolith,39,-3
prefabRock,37,-3
prefabRegolith,34,-3
prefabPackedRegolith,33,-3
prefabPackedRegolith,32,-3
prefabRock,31,-3
prefabTaenite,30,-3
prefabRegolith,29,-3
prefabPackedRegolith,28,-3
prefabPackedRegolith,27,-3
prefabPackedRegolith,26,-3
prefabRock,25,-3
prefabRegolith,24,-3
prefabPackedRegolith,23,-3
prefabPackedRegolith,22,-3
prefabPackedRegolith,21,-3
prefabRegolith,20,-3
prefabTaenite,19,-3
prefabRock,18,-3
prefabRegolith,17,-3
prefabRock,16,-3
prefabPackedRegolith,15,-3
prefabRegolith,14,-3
prefabRegolith,13,-3
prefabPackedRegolith,12,-3
prefabPackedRegolith,11,-3
prefabPackedRegolith,10,-3
prefabRegolith,9,-3
prefabRock,8,-3
prefabRock,7,-3
prefabRock,6,-3
prefabPackedRegolith,5,-3
prefabRock,4,-3
prefabRegolith,3,-3
prefabRegolith,2,-3
prefabPackedRegolith,1,-3
prefabPackedRegolith,0,-3
prefabHypersthene,2.5,-76.5
prefabHypersthene,4.5,-75.5
prefabHypersthene,11.5,-72.5
prefabHypersthene,1.5,-68.5
prefabHypersthene,8.5,-63.5
prefabHypersthene,36.5,-62.5
prefabHypersthene,11.5,-61.5
prefabHypersthene,4.5,-61.5
prefabHypersthene,26.5,-60.5
prefabHypersthene,19.5,-59.5
prefabHypersthene,5.5,-59.5
prefabHypersthene,32.5,-57.5
prefabHypersthene,11.5,-54.5
prefabHypersthene,8.5,-54.5
prefabHypersthene,9.5,-52.5
prefabHypersthene,30.5,-51.5
prefabHypersthene,6.5,-50.5
prefabHypersthene,24.5,-44.5
prefabHypersthene,6.5,-43.5
prefabHypersthene,15.5,-41.5
prefabHypersthene,18.5,-40.5
prefabHypersthene,36.5,-39.5
prefabHypersthene,34.5,-39.5
prefabHypersthene,3.5,-38.5
prefabHypersthene,30.5,-32.5
prefabHypersthene,4.5,-32.5
prefabHypersthene,16.5,-30.5
prefabHypersthene,34.5,-29.5
prefabHypersthene,29.5,-29.5
prefabHypersthene,26.5,-29.5
prefabHypersthene,9.5,-31.498
prefabHypersthene,9.5,-29.496
prefabHypersthene,15.5,-26.5
prefabHypersthene,13.5,-19.5
prefabHypersthene,27.5,-16.5
prefabHypersthene,3.5,-16.5
prefabHypersthene,36.5,-15.5
prefabHypersthene,18.5,-14.5
prefabHypersthene,25.5,-11.5
prefabHypersthene,8.5,-7.5
prefabHypersthene,13.5,-6.5
prefabHypersthene,35.5,-3.5
prefabRegolith,9,-77
prefabFeldspar,8,-77
prefabRock,7,-77
prefabFeldspar,9,-76
prefabQuartz,8,-76
prefabFeldspar,7,-76
prefabPackedRegolith,9,-75
prefabFeldspar,8,-75
prefabRegolith,27,-76
prefabFeldspar,26,-76
prefabRock,25,-76
prefabFeldspar,27,-75
prefabQuartz,26,-75
prefabFeldspar,25,-75
prefabPackedRegolith,27,-74
prefabFeldspar,26,-74
prefabRegolith,19,-76
prefabFeldspar,18,-76
prefabRock,17,-76
prefabFeldspar,19,-75
prefabQuartz,18,-75
prefabFeldspar,17,-75
prefabPackedRegolith,19,-74
prefabFeldspar,18,-74
prefabRegolith,5,-71
prefabFeldspar,4,-71
prefabRock,3,-71
prefabFeldspar,5,-70
prefabQuartz,4,-70
prefabFeldspar,3,-70
prefabPackedRegolith,5,-69
prefabFeldspar,4,-69
prefabRegolith,17,-69
prefabFeldspar,16,-69
prefabRock,15,-69
prefabFeldspar,17,-68
prefabQuartz,16,-68
prefabFeldspar,15,-68
prefabPackedRegolith,17,-67
prefabFeldspar,16,-67
prefabRegolith,31,-66
prefabFeldspar,30,-66
prefabRock,29,-66
prefabFeldspar,31,-65
prefabQuartz,30,-65
prefabFeldspar,29,-65
prefabPackedRegolith,31,-64
prefabFeldspar,30,-64
prefabRegolith,17,-66
prefabFeldspar,16,-66
prefabRock,15,-66
prefabFeldspar,17,-65
prefabQuartz,16,-65
prefabFeldspar,15,-65
prefabPackedRegolith,17,-64
prefabFeldspar,16,-64
prefabRegolith,24,-64
prefabFeldspar,23,-64
prefabRock,22,-64
prefabFeldspar,24,-63
prefabQuartz,23,-63
prefabFeldspar,22,-63
prefabPackedRegolith,24,-62
prefabFeldspar,23,-62
prefabRegolith,10,-61
prefabFeldspar,9,-61
prefabRock,8,-61
prefabFeldspar,10,-60
prefabQuartz,9,-60
prefabFeldspar,8,-60
prefabPackedRegolith,10,-59
prefabFeldspar,9,-59
prefabRegolith,38,-60
prefabFeldspar,37,-60
prefabRock,36,-60
prefabFeldspar,38,-59
prefabQuartz,37,-59
prefabFeldspar,36,-59
prefabPackedRegolith,38,-58
prefabFeldspar,37,-58
prefabRegolith,4,-59
prefabFeldspar,3,-59
prefabRock,2,-59
prefabFeldspar,4,-58
prefabQuartz,3,-58
prefabFeldspar,2,-58
prefabPackedRegolith,4,-57
prefabFeldspar,3,-57
prefabRegolith,27,-57
prefabFeldspar,26,-57
prefabRock,25,-57
prefabFeldspar,27,-56
prefabQuartz,26,-56
prefabFeldspar,25,-56
prefabPackedRegolith,27,-55
prefabFeldspar,26,-55
prefabRegolith,30,-55
prefabFeldspar,29,-55
prefabRock,28,-55
prefabFeldspar,30,-54
prefabQuartz,29,-54
prefabFeldspar,28,-54
prefabPackedRegolith,30,-53
prefabFeldspar,29,-53
prefabRegolith,23,-52
prefabFeldspar,22,-52
prefabRock,21,-52
prefabFeldspar,23,-51
prefabQuartz,22,-51
prefabFeldspar,21,-51
prefabPackedRegolith,23,-50
prefabFeldspar,22,-50
prefabRegolith,10,-51
prefabFeldspar,9,-51
prefabRock,8,-51
prefabFeldspar,10,-50
prefabQuartz,9,-50
prefabFeldspar,8,-50
prefabPackedRegolith,10,-49
prefabFeldspar,9,-49
prefabRegolith,38,-48.999
prefabFeldspar,37,-48
prefabRock,36,-48
prefabFeldspar,38,-47
prefabQuartz,37,-47
prefabFeldspar,36,-47
prefabPackedRegolith,38,-46
prefabFeldspar,37,-46
prefabRegolith,37,-70
prefabRegolith,36,-70
prefabRegolith,35,-70
prefabPackedRegolith,34,-70
prefabWater,36,-69
prefabWater,35,-69
prefabWater,34,-69
prefabRegolith,14,-70
prefabRegolith,13,-70
prefabRegolith,12,-70
prefabPackedRegolith,11,-70
prefabWater,14,-69
prefabRegolith,8,-68
prefabRegolith,7,-68
prefabRegolith,6,-68.999
prefabPackedRegolith,5,-68
prefabWater,8,-67
prefabWater,6,-67
prefabWater,5,-67
prefabRegolith,21,-58
prefabRegolith,20,-58
prefabRegolith,19,-58
prefabPackedRegolith,18,-58
prefabWater,21,-57
prefabWater,20,-57
prefabWater,18,-57
prefabRegolith,24,-37
prefabRegolith,23,-37
prefabRegolith,22,-37
prefabPackedRegolith,21,-37
prefabWater,24,-36
prefabWater,22,-36
prefabWater,21,-36
prefabRegolith,18,-37
prefabRegolith,17,-37
prefabRegolith,16,-37
prefabPackedRegolith,15,-37
prefabWater,18,-36
prefabWater,17,-36
prefabRegolith,10,-33
prefabRegolith,9,-33
prefabRegolith,8,-33.999
prefabPackedRegolith,7,-33
prefabWater,8,-32
prefabRegolith,8,-28
prefabRegolith,7,-29.997
prefabRegolith,6,-28
prefabPackedRegolith,5,-28
prefabWater,8,-27
prefabWater,6,-27
prefabRegolith,20,-23
prefabRegolith,19,-23
prefabRegolith,18,-23
prefabPackedRegolith,17,-23
prefabWater,18,-22
prefabRegolith,24,-19
prefabRegolith,23,-19
prefabRegolith,22,-19
prefabPackedRegolith,21,-19
prefabWater,21,-18
prefabRegolith,24,-17.999
prefabRegolith,23,-17.999
prefabRegolith,22,-17.999
prefabPackedRegolith,21,-16
prefabWater,24,-15
prefabWater,23,-15
prefabWater,22,-15
prefabRegolith,12,-11
prefabRegolith,11,-11
prefabRegolith,10,-11.999
prefabPackedRegolith,9,-11
prefabWater,11,-10
prefabWater,10,-10
prefabWater,9,-10
prefabPackedRegolith,38,-54
prefabRock,35,-54
prefabRegolith,38,-53
prefabHypersthene,36.5,-53.5
prefabRock,35,-53
prefabMagnesium,36,-52
prefabFeldspar,35,-52
prefabHypersthene,37.5,-51.5
prefabRegolith,38,-50
prefabRock,37,-50
prefabHypersthene,35.5,-50.5
prefabPackedRegolith,19,-53
prefabRock,16,-53
prefabRegolith,19,-52
prefabHypersthene,17.5,-52.5
prefabRock,16,-52
prefabMagnesium,17,-51
prefabFeldspar,16,-51
prefabHypersthene,18.5,-50.5
prefabRegolith,19,-49
prefabRock,18,-49
prefabHypersthene,16.5,-49.5
prefabRock,22,-10
prefabRock,21,-10
prefabPackedRegolith,20,-10
prefabPackedRegolith,19,-10
prefabRock,18,-10
prefabRock,17,-10
prefabPackedRegolith,16,-10
prefabReplicator,20,-9
prefabFactory,19,-9
prefabPackedRegolith,22,-7
prefabPackedRegolith,16,-7
prefabPackedRegolith,19,-6
prefabPackedRegolith,18,-6
prefabPackedRegolith,17,-6
prefabRock,16,-6
prefabRock,22,-5
prefabRock,21,-5
prefabRock,20,-5
prefabPackedRegolith,19,-5
prefabRegolith,18,-5
prefabRock,17,-5
prefabRock,16,-5
prefabInvBlk,39,-79
prefabInvBlk,38,-79
prefabInvBlk,37,-79
prefabInvBlk,36,-79
prefabInvBlk,35,-79
prefabInvBlk,34,-79
prefabInvBlk,33,-79
prefabInvBlk,32,-79
prefabInvBlk,31,-79
prefabInvBlk,30,-79
prefabInvBlk,29,-79
prefabInvBlk,28,-79
prefabInvBlk,27,-79
prefabInvBlk,26,-79
prefabInvBlk,25,-79
prefabInvBlk,24,-79
prefabInvBlk,23,-79
prefabInvBlk,22,-79
prefabInvBlk,21,-79
prefabInvBlk,20,-79
prefabInvBlk,19,-79
prefabInvBlk,18,-79
prefabInvBlk,17,-79
prefabInvBlk,16,-79
prefabInvBlk,15,-79
prefabInvBlk,14,-79
prefabInvBlk,13,-79
prefabInvBlk,12,-79
prefabInvBlk,11,-79
prefabInvBlk,10,-79
prefabInvBlk,9,-79
prefabInvBlk,8,-79
prefabInvBlk,7,-79
prefabInvBlk,6,-79
prefabInvBlk,5,-79
prefabInvBlk,4,-79
prefabInvBlk,3,-79
prefabInvBlk,2,-79
prefabInvBlk,1,-79
prefabInvBlk,0,-79
prefabPackedRegolith,39,-2
prefabRegolith,38,-2.999
prefabPackedRegolith,37,-2
prefabPackedRegolith,36,-2
prefabRegolith,35,-2
prefabRegolith,34,-2
prefabPackedRegolith,33,-2
prefabPackedRegolith,32,-2
prefabRegolith,31,-2
prefabPackedRegolith,30,-2
prefabRegolith,29,-2
prefabPackedRegolith,28,-2
prefabPackedRegolith,27,-2
prefabPackedRegolith,26,-2
prefabPackedRegolith,25,-2
prefabPackedRegolith,24,-2
prefabPackedRegolith,23,-2
prefabPackedRegolith,22,-2
prefabPackedRegolith,21,-2
prefabPackedRegolith,20,-2
prefabPackedRegolith,19,-2
prefabRegolith,18,-2
prefabRegolith,17,-2
prefabPackedRegolith,16,-2
prefabPackedRegolith,15,-2
prefabPackedRegolith,14,-2
prefabRegolith,13,-2
prefabPackedRegolith,12,-2
prefabPackedRegolith,11,-2
prefabRegolith,10,-2
prefabRegolith,9,-2
prefabPackedRegolith,8,-2
prefabPackedRegolith,7,-2
prefabRegolith,6,-2
prefabPackedRegolith,5,-2
prefabPackedRegolith,4,-2
prefabPackedRegolith,3,-2
prefabPackedRegolith,2,-2
prefabRegolith,1,-2
prefabPackedRegolith,0,-2
prefabPackedRegolith,39,-1
prefabPackedRegolith,38,-1
prefabRegolith,37,-1
prefabPackedRegolith,36,-1
prefabRegolith,35,-1
prefabPackedRegolith,34,-1
prefabPackedRegolith,33,-1
prefabRegolith,32,-1
prefabPackedRegolith,31,-1
prefabRegolith,30,-1
prefabRegolith,29,-1
prefabRegolith,28,-1
prefabRegolith,27,-1
prefabRegolith,26,-1
prefabRegolith,25,-1
prefabRegolith,24,-1
prefabRegolith,23,-1
prefabRegolith,22,-1
prefabPackedRegolith,21,-1
prefabRegolith,20,-1
prefabPackedRegolith,19,-1
prefabPackedRegolith,18,-1
prefabPackedRegolith,17,-1
prefabRegolith,16,-1
prefabPackedRegolith,15,-1
prefabPackedRegolith,14,-1
prefabPackedRegolith,13,-1
prefabRegolith,12,-1
prefabRegolith,11,-1
prefabRegolith,10,-1
prefabPackedRegolith,9,-1
prefabRegolith,8,-1
prefabPackedRegolith,7,-1
prefabPackedRegolith,6,-1
prefabRegolith,5,-1
prefabRegolith,4,-1
prefabPackedRegolith,3,-1
prefabPackedRegolith,2,-1
prefabPackedRegolith,1,-1
prefabRegolith,0,-1
prefabPackedRegolith,39,0
prefabRegolith,38,0
prefabRegolith,37,0
prefabPackedRegolith,36,0
prefabPackedRegolith,35,0
prefabRegolith,34,0
prefabRegolith,33,0
prefabRegolith,32,0
prefabPackedRegolith,31,0
prefabPackedRegolith,30,0
prefabPackedRegolith,29,0
prefabPackedRegolith,28,0
prefabPackedRegolith,27,0
prefabRegolith,26,0
prefabRegolith,25,0
prefabRegolith,24,0
prefabRegolith,23,0
prefabRegolith,22,0
prefabPackedRegolith,21,0
prefabPackedRegolith,20,0
prefabPackedRegolith,19,0
prefabPackedRegolith,18,0
prefabPackedRegolith,17,0
prefabRegolith,16,0
prefabRegolith,15,0
prefabPackedRegolith,14,0
prefabRegolith,13,0
prefabRegolith,12,0
prefabRegolith,11,0
prefabRegolith,10,0
prefabRegolith,9,0
prefabRegolith,8,0
prefabRegolith,7,0
prefabRegolith,6,0
prefabRegolith,5,0
prefabPackedRegolith,4,0
prefabPackedRegolith,3,0
prefabRegolith,2,0
prefabPackedRegolith,1,0
prefabRegolith,0,0
prefabInvBlk,40,-79
prefabInvBlk,40,-78
prefabInvBlk,40,-77
prefabInvBlk,40,-76
prefabInvBlk,40,-75
prefabInvBlk,40,-74
prefabInvBlk,40,-73
prefabInvBlk,40,-72
prefabInvBlk,40,-71
prefabInvBlk,40,-70
prefabInvBlk,40,-69
prefabInvBlk,40,-68
prefabInvBlk,40,-67
prefabInvBlk,40,-66
prefabInvBlk,40,-65
prefabInvBlk,40,-64
prefabInvBlk,40,-63
prefabInvBlk,40,-62
prefabInvBlk,40,-61
prefabInvBlk,40,-60
prefabInvBlk,40,-59
prefabInvBlk,40,-58
prefabInvBlk,40,-57
prefabInvBlk,40,-56
prefabInvBlk,40,-55
prefabInvBlk,40,-54
prefabInvBlk,40,-53
prefabInvBlk,40,-52
prefabInvBlk,40,-51
prefabInvBlk,40,-50
prefabInvBlk,40,-49
prefabInvBlk,40,-48
prefabInvBlk,40,-47
prefabInvBlk,40,-46
prefabInvBlk,40,-45
prefabInvBlk,40,-44
prefabInvBlk,40,-43
prefabInvBlk,40,-42
prefabInvBlk,40,-41
prefabInvBlk,40,-40
prefabInvBlk,40,-39
prefabInvBlk,40,-38
prefabInvBlk,40,-37
prefabInvBlk,40,-36
prefabInvBlk,40,-35
prefabInvBlk,40,-34
prefabInvBlk,40,-33
prefabInvBlk,40,-32
prefabInvBlk,40,-31
prefabInvBlk,40,-30
prefabInvBlk,40,-29
prefabInvBlk,40,-28
prefabInvBlk,40,-27
prefabInvBlk,40,-26
prefabInvBlk,40,-25
prefabInvBlk,40,-24
prefabInvBlk,40,-23
prefabInvBlk,40,-22
prefabInvBlk,40,-21
prefabInvBlk,40,-20
prefabInvBlk,40,-19
prefabInvBlk,40,-18
prefabInvBlk,40,-17
prefabInvBlk,40,-16
prefabInvBlk,40,-15
prefabInvBlk,40,-14
prefabInvBlk,40,-13
prefabInvBlk,40,-12
prefabInvBlk,40,-11
prefabInvBlk,40,-10
prefabInvBlk,40,-9
prefabInvBlk,40,-8
prefabInvBlk,40,-7
prefabInvBlk,40,-6
prefabInvBlk,40,-5
prefabInvBlk,40,-4
prefabInvBlk,40,-3
prefabInvBlk,40,-2
prefabInvBlk,40,-1
prefabInvBlk,40,0
prefabInvBlk,-1,-79
prefabInvBlk,-1,-78
prefabInvBlk,-1,-77
prefabInvBlk,-1,-76
prefabInvBlk,-1,-75
prefabInvBlk,-1,-74
prefabInvBlk,-1,-73
prefabInvBlk,-1,-72
prefabInvBlk,-1,-71
prefabInvBlk,-1,-70
prefabInvBlk,-1,-69
prefabInvBlk,-1,-68
prefabInvBlk,-1,-67
prefabInvBlk,-1,-66
prefabInvBlk,-1,-65
prefabInvBlk,-1,-64
prefabInvBlk,-1,-63
prefabInvBlk,-1,-62
prefabInvBlk,-1,-61
prefabInvBlk,-1,-60
prefabInvBlk,-1,-59
prefabInvBlk,-1,-58
prefabInvBlk,-1,-57
prefabInvBlk,-1,-56
prefabInvBlk,-1,-55
prefabInvBlk,-1,-54
prefabInvBlk,-1,-53
prefabInvBlk,-1,-52
prefabInvBlk,-1,-51
prefabInvBlk,-1,-50
prefabInvBlk,-1,-49
prefabInvBlk,-1,-48
prefabInvBlk,-1,-47
prefabInvBlk,-1,-46
prefabInvBlk,-1,-45
prefabInvBlk,-1,-44
prefabInvBlk,-1,-43
prefabInvBlk,-1,-42
prefabInvBlk,-1,-41
prefabInvBlk,-1,-40
prefabInvBlk,-1,-39
prefabInvBlk,-1,-38
prefabInvBlk,-1,-37
prefabInvBlk,-1,-36
prefabInvBlk,-1,-35
prefabInvBlk,-1,-34
prefabInvBlk,-1,-33
prefabInvBlk,-1,-32
prefabInvBlk,-1,-31
prefabInvBlk,-1,-30
prefabInvBlk,-1,-29
prefabInvBlk,-1,-28
prefabInvBlk,-1,-27
prefabInvBlk,-1,-26
prefabInvBlk,-1,-25
prefabInvBlk,-1,-24
prefabInvBlk,-1,-23
prefabInvBlk,-1,-22
prefabInvBlk,-1,-21
prefabInvBlk,-1,-20
prefabInvBlk,-1,-19
prefabInvBlk,-1,-18
prefabInvBlk,-1,-17
prefabInvBlk,-1,-16
prefabInvBlk,-1,-15
prefabInvBlk,-1,-14
prefabInvBlk,-1,-13
prefabInvBlk,-1,-12
prefabInvBlk,-1,-11
prefabInvBlk,-1,-10
prefabInvBlk,-1,-9
prefabInvBlk,-1,-8
prefabInvBlk,-1,-7
prefabInvBlk,-1,-6
prefabInvBlk,-1,-5
prefabInvBlk,-1,-4
prefabInvBlk,-1,-3
prefabInvBlk,-1,-2
prefabInvBlk,-1,-1
prefabInvBlk,-1,0
player,19,-9
