0,0,1,0,0,0,

0,0,0,1,0,

13,-9

prefabPickUp,1
prefabRegolithPickUp,4

prefabLadder,13,-10
prefabLadder,13,-11
prefabLadder,15,-9
prefabInvBlk,-1,0
prefabInvBlk,-1,-1
prefabInvBlk,-1,-2
prefabInvBlk,-1,-3
prefabInvBlk,-1,-4
prefabInvBlk,-1,-5
prefabInvBlk,-1,-6
prefabInvBlk,-1,-7
prefabInvBlk,-1,-8
prefabInvBlk,-1,-9
prefabInvBlk,-1,-10
prefabInvBlk,-1,-11
prefabInvBlk,-1,-12
prefabInvBlk,-1,-13
prefabInvBlk,-1,-14
prefabInvBlk,-1,-15
prefabInvBlk,-1,-16
prefabInvBlk,-1,-17
prefabInvBlk,-1,-18
prefabInvBlk,-1,-19
prefabInvBlk,-1,-20
prefabInvBlk,-1,-21
prefabInvBlk,-1,-22
prefabInvBlk,-1,-23
prefabInvBlk,-1,-24
prefabInvBlk,-1,-25
prefabInvBlk,-1,-26
prefabInvBlk,-1,-27
prefabInvBlk,-1,-28
prefabInvBlk,-1,-29
prefabInvBlk,-1,-30
prefabInvBlk,-1,-31
prefabInvBlk,-1,-32
prefabInvBlk,-1,-33
prefabInvBlk,-1,-34
prefabInvBlk,-1,-35
prefabInvBlk,-1,-36
prefabInvBlk,-1,-37
prefabInvBlk,-1,-38
prefabInvBlk,-1,-39
prefabInvBlk,-1,-40
prefabInvBlk,-1,-41
prefabInvBlk,-1,-42
prefabInvBlk,-1,-43
prefabInvBlk,-1,-44
prefabInvBlk,-1,-45
prefabInvBlk,-1,-46
prefabInvBlk,-1,-47
prefabInvBlk,-1,-48
prefabInvBlk,-1,-49
prefabInvBlk,-1,-50
prefabInvBlk,-1,-51
prefabInvBlk,-1,-52
prefabInvBlk,-1,-53
prefabInvBlk,-1,-54
prefabInvBlk,-1,-55
prefabInvBlk,-1,-56
prefabInvBlk,-1,-57
prefabInvBlk,-1,-58
prefabInvBlk,-1,-59
prefabInvBlk,-1,-60
prefabInvBlk,-1,-61
prefabInvBlk,-1,-62
prefabInvBlk,-1,-63
prefabInvBlk,-1,-64
prefabInvBlk,-1,-65
prefabInvBlk,-1,-66
prefabInvBlk,-1,-67
prefabInvBlk,-1,-68
prefabInvBlk,-1,-69
prefabInvBlk,35,0
prefabInvBlk,35,-1
prefabInvBlk,35,-2
prefabInvBlk,35,-3
prefabInvBlk,35,-4
prefabInvBlk,35,-5
prefabInvBlk,35,-6
prefabInvBlk,35,-7
prefabInvBlk,35,-8
prefabInvBlk,35,-9
prefabInvBlk,35,-10
prefabInvBlk,35,-11
prefabInvBlk,35,-12
prefabInvBlk,35,-13
prefabInvBlk,35,-14
prefabInvBlk,35,-15
prefabInvBlk,35,-16
prefabInvBlk,35,-17
prefabInvBlk,35,-18
prefabInvBlk,35,-19
prefabInvBlk,35,-20
prefabInvBlk,35,-21
prefabInvBlk,35,-22
prefabInvBlk,35,-23
prefabInvBlk,35,-24
prefabInvBlk,35,-25
prefabInvBlk,35,-26
prefabInvBlk,35,-27
prefabInvBlk,35,-28
prefabInvBlk,35,-29
prefabInvBlk,35,-30
prefabInvBlk,35,-31
prefabInvBlk,35,-32
prefabInvBlk,35,-33
prefabInvBlk,35,-34
prefabInvBlk,35,-35
prefabInvBlk,35,-36
prefabInvBlk,35,-37
prefabInvBlk,35,-38
prefabInvBlk,35,-39
prefabInvBlk,35,-40
prefabInvBlk,35,-41
prefabInvBlk,35,-42
prefabInvBlk,35,-43
prefabInvBlk,35,-44
prefabInvBlk,35,-45
prefabInvBlk,35,-46
prefabInvBlk,35,-47
prefabInvBlk,35,-48
prefabInvBlk,35,-49
prefabInvBlk,35,-50
prefabInvBlk,35,-51
prefabInvBlk,35,-52
prefabInvBlk,35,-53
prefabInvBlk,35,-54
prefabInvBlk,35,-55
prefabInvBlk,35,-56
prefabInvBlk,35,-57
prefabInvBlk,35,-58
prefabInvBlk,35,-59
prefabInvBlk,35,-60
prefabInvBlk,35,-61
prefabInvBlk,35,-62
prefabInvBlk,35,-63
prefabInvBlk,35,-64
prefabInvBlk,35,-65
prefabInvBlk,35,-66
prefabInvBlk,35,-67
prefabInvBlk,35,-68
prefabInvBlk,35,-69
prefabFeldspar,8,-58
prefabArtifactPickUp,8,-59
prefabRegolith,0,0
prefabRegolith,1,0
prefabRegolith,2,0
prefabRegolith,3,0
prefabPackedRegolith,4,0
prefabPackedRegolith,5,0
prefabPackedRegolith,6,0
prefabPackedRegolith,7,0
prefabRegolith,8,0
prefabPackedRegolith,9,0
prefabRegolith,10,0
prefabPackedRegolith,11,0
prefabPackedRegolith,12,0
prefabPackedRegolith,13,0
prefabPackedRegolith,14,0
prefabPackedRegolith,15,0
prefabRegolith,16,0
prefabRegolith,17,0
prefabRegolith,18,0
prefabPackedRegolith,19,0
prefabRegolith,20,0
prefabPackedRegolith,21,0
prefabPackedRegolith,22,0
prefabPackedRegolith,23,0
prefabPackedRegolith,24,0
prefabPackedRegolith,25,0
prefabPackedRegolith,26,0
prefabRegolith,27,0
prefabPackedRegolith,28,0
prefabRegolith,29,0
prefabPackedRegolith,30,0
prefabPackedRegolith,31,0
prefabPackedRegolith,32,0
prefabRegolith,33,0
prefabPackedRegolith,34,0
prefabPackedRegolith,0,-1
prefabPackedRegolith,1,-1
prefabPackedRegolith,2,-1
prefabPackedRegolith,3,-1
prefabRegolith,4,-1
prefabRegolith,5,-1
prefabRegolith,6,-1
prefabRegolith,7,-1.998
prefabPackedRegolith,8,-1
prefabRegolith,9,-1
prefabPackedRegolith,10,-1
prefabRegolith,11,-1
prefabPackedRegolith,12,-1
prefabRegolith,13,-1
prefabRegolith,14,-1
prefabRegolith,15,-1
prefabPackedRegolith,16,-1
prefabPackedRegolith,17,-1
prefabPackedRegolith,18,-1
prefabPackedRegolith,19,-1
prefabPackedRegolith,20,-1
prefabRegolith,21,-1
prefabRegolith,22,-1
prefabPackedRegolith,23,-1
prefabPackedRegolith,24,-1
prefabPackedRegolith,25,-1
prefabRegolith,26,-1
prefabPackedRegolith,27,-1
prefabRegolith,28,-1
prefabPackedRegolith,29,-1
prefabRegolith,30,-1
prefabRegolith,31,-1
prefabRegolith,32,-1
prefabPackedRegolith,33,-1
prefabPackedRegolith,34,-1
prefabRegolith,0,-2
prefabPackedRegolith,1,-2
prefabRegolith,2,-2
prefabPackedRegolith,3,-2
prefabPackedRegolith,4,-2
prefabPackedRegolith,5,-2
prefabRegolith,6,-2
prefabRegolith,7,-2.999
prefabRegolith,8,-2
prefabRegolith,9,-2
prefabPackedRegolith,10,-2
prefabPackedRegolith,11,-2
prefabPackedRegolith,12,-2
prefabRegolith,13,-2
prefabRegolith,14,-2
prefabPackedRegolith,15,-2
prefabRegolith,16,-2
prefabPackedRegolith,17,-2
prefabPackedRegolith,18,-2
prefabPackedRegolith,19,-2
prefabPackedRegolith,20,-2
prefabPackedRegolith,21,-2
prefabPackedRegolith,22,-2
prefabPackedRegolith,23,-2
prefabRegolith,24,-2
prefabRegolith,25,-2
prefabPackedRegolith,26,-2
prefabPackedRegolith,27,-2
prefabRegolith,28,-2
prefabRegolith,29,-2
prefabRegolith,30,-2
prefabRegolith,31,-2
prefabPackedRegolith,32,-2
prefabPackedRegolith,33,-2
prefabRegolith,34,-2
prefabInvBlk,0,-69
prefabInvBlk,1,-69
prefabInvBlk,2,-69
prefabInvBlk,3,-69
prefabInvBlk,4,-69
prefabInvBlk,5,-69
prefabInvBlk,6,-69
prefabInvBlk,7,-69
prefabInvBlk,8,-69
prefabInvBlk,9,-69
prefabInvBlk,10,-69
prefabInvBlk,11,-69
prefabInvBlk,12,-69
prefabInvBlk,13,-69
prefabInvBlk,14,-69
prefabInvBlk,15,-69
prefabInvBlk,16,-69
prefabInvBlk,17,-69
prefabInvBlk,18,-69
prefabInvBlk,19,-69
prefabInvBlk,20,-69
prefabInvBlk,21,-69
prefabInvBlk,22,-69
prefabInvBlk,23,-69
prefabInvBlk,24,-69
prefabInvBlk,25,-69
prefabInvBlk,26,-69
prefabInvBlk,27,-69
prefabInvBlk,28,-69
prefabInvBlk,29,-69
prefabInvBlk,30,-69
prefabInvBlk,31,-69
prefabInvBlk,32,-69
prefabInvBlk,33,-69
prefabInvBlk,34,-69
prefabRock,13,-5
prefabRock,14,-5
prefabRegolith,15,-5
prefabPackedRegolith,16,-5
prefabRock,17,-5
prefabRock,18,-5
prefabRock,19,-5
prefabRock,13,-6
prefabPackedRegolith,14,-6
prefabPackedRegolith,15,-6
prefabPackedRegolith,16,-6
prefabPackedRegolith,19,-6
prefabPackedRegolith,13,-7
prefabPackedRegolith,19,-7
prefabPackedRegolith,13,-8
prefabFactory,16,-9
prefabReplicator,17,-9
prefabRock,14,-10
prefabRock,15,-10
prefabPackedRegolith,16,-10
prefabPackedRegolith,17,-10
prefabRock,18,-10
prefabRock,19,-10
prefabHypersthene,23.5,-57.5
prefabRock,25,-57
prefabRegolith,26,-57
prefabHypersthene,25.5,-58.5
prefabFeldspar,23,-59
prefabMagnesium,24,-59
prefabRock,23,-60
prefabHypersthene,24.5,-60.5
prefabRegolith,26,-60
prefabRock,23,-61
prefabPackedRegolith,26,-61
prefabWater,6,-11
prefabWater,7,-11
prefabWater,8,-11
prefabWater,9,-11
prefabPackedRegolith,6,-12
prefabRegolith,7,-12
prefabRegolith,8,-12
prefabRegolith,9,-12
prefabWater,29,-11
prefabWater,31,-11
prefabWater,32,-11
prefabPackedRegolith,29,-12
prefabRegolith,30,-12
prefabRegolith,31,-12
prefabRegolith,32,-12
prefabWater,17,-24
prefabPackedRegolith,16,-25
prefabRegolith,17,-25
prefabRegolith,18,-25
prefabRegolith,19,-25
prefabWater,23,-24
prefabWater,24,-24
prefabWater,25,-24
prefabPackedRegolith,22,-25
prefabRegolith,23,-25
prefabRegolith,24,-25
prefabRegolith,25,-25
prefabWater,28,-32
prefabWater,29,-32
prefabWater,30,-32
prefabWater,31,-32
prefabPackedRegolith,28,-33
prefabRegolith,29,-33
prefabRegolith,30,-33
prefabRegolith,31,-33
prefabWater,12,-36
prefabWater,14,-36
prefabPackedRegolith,11,-37
prefabRegolith,12,-38.999
prefabRegolith,13,-39.997
prefabRegolith,14,-38.999
prefabWater,6,-37
prefabWater,8,-37
prefabPackedRegolith,5,-38
prefabRegolith,6,-38
prefabRegolith,7,-38
prefabRegolith,8,-38
prefabWater,19,-37
prefabWater,20,-37
prefabWater,22,-37
prefabPackedRegolith,19,-38
prefabRegolith,20,-38
prefabRegolith,21,-38
prefabRegolith,22,-38
prefabWater,11,-39
prefabPackedRegolith,11,-40
prefabRegolith,12,-40
prefabRegolith,13,-40.998
prefabRegolith,14,-40
prefabWater,16,-41
prefabPackedRegolith,16,-42
prefabRegolith,17,-42
prefabRegolith,18,-42
prefabRegolith,19,-42.998
prefabWater,5,-42
prefabWater,6,-42
prefabWater,8,-42
prefabPackedRegolith,5,-43
prefabRegolith,6,-43
prefabRegolith,7,-43
prefabRegolith,8,-43
prefabWater,22,-44
prefabWater,23,-44
prefabWater,24,-44
prefabPackedRegolith,22,-45
prefabRegolith,23,-45
prefabRegolith,24,-45
prefabRegolith,25,-45
prefabWater,26,-50
prefabWater,27,-50
prefabPackedRegolith,26,-51
prefabRegolith,27,-51
prefabRegolith,28,-51
prefabRegolith,29,-51
prefabWater,21,-51
prefabWater,22,-51
prefabWater,24,-51
prefabPackedRegolith,21,-52
prefabRegolith,22,-52.999
prefabRegolith,23,-52
prefabRegolith,24,-52.999
prefabFeldspar,2,-44
prefabPackedRegolith,3,-44
prefabFeldspar,1,-45
prefabQuartz,2,-45
prefabFeldspar,3,-45
prefabRock,1,-46
prefabFeldspar,2,-46
prefabRegolith,3,-46
prefabFeldspar,12,-44
prefabPackedRegolith,13,-44
prefabFeldspar,11,-45
prefabQuartz,12,-45
prefabFeldspar,13,-45
prefabRock,11,-46
prefabFeldspar,12,-46
prefabRegolith,13,-46
prefabFeldspar,32,-45
prefabPackedRegolith,33,-45
prefabFeldspar,31,-46
prefabQuartz,32,-46
prefabFeldspar,33,-46
prefabRock,31,-47
prefabFeldspar,32,-47
prefabRegolith,33,-47
prefabFeldspar,17,-47
prefabPackedRegolith,18,-47
prefabFeldspar,16,-48
prefabQuartz,17,-48
prefabFeldspar,18,-48
prefabRock,16,-49
prefabFeldspar,17,-49
prefabRegolith,18,-49
prefabFeldspar,10,-51
prefabPackedRegolith,11,-51
prefabFeldspar,9,-52
prefabQuartz,10,-52
prefabFeldspar,11,-52
prefabRock,9,-53
prefabFeldspar,10,-53
prefabRegolith,11,-53
prefabFeldspar,3,-52
prefabPackedRegolith,4,-52
prefabFeldspar,2,-53
prefabQuartz,3,-53
prefabFeldspar,4,-53
prefabRock,2,-54
prefabFeldspar,3,-54
prefabRegolith,4,-54
prefabFeldspar,24,-54
prefabPackedRegolith,25,-54
prefabFeldspar,23,-55
prefabQuartz,24,-55
prefabFeldspar,25,-55
prefabRock,23,-56
prefabFeldspar,24,-56
prefabRegolith,25,-56
prefabFeldspar,31,-54
prefabPackedRegolith,32,-54
prefabFeldspar,30,-55
prefabQuartz,31,-55
prefabFeldspar,32,-55
prefabRock,30,-56
prefabFeldspar,31,-56
prefabRegolith,32,-56
prefabFeldspar,16,-61
prefabPackedRegolith,17,-61
prefabFeldspar,15,-62
prefabQuartz,16,-62
prefabFeldspar,17,-62
prefabRock,15,-63
prefabFeldspar,16,-63
prefabRegolith,17,-63
prefabFeldspar,29,-62
prefabPackedRegolith,30,-62
prefabFeldspar,28,-63
prefabQuartz,29,-63
prefabFeldspar,30,-63
prefabRock,28,-64
prefabFeldspar,29,-64
prefabRegolith,30,-64
prefabFeldspar,4,-63
prefabPackedRegolith,5,-63
prefabFeldspar,3,-64
prefabQuartz,4,-64
prefabFeldspar,5,-64
prefabRock,3,-65
prefabFeldspar,4,-65
prefabRegolith,5,-65
prefabHypersthene,25.5,-4.5
prefabHypersthene,2.5,-5.5
prefabHypersthene,33.5,-8.5
prefabHypersthene,12.5,-12.5
prefabHypersthene,5.5,-13.5
prefabHypersthene,11.5,-14.5
prefabHypersthene,27.5,-14.5
prefabHypersthene,25.5,-21.5
prefabHypersthene,12.5,-23.5
prefabHypersthene,11.5,-27.5
prefabHypersthene,18.5,-27.5
prefabHypersthene,6.5,-29.5
prefabHypersthene,17.5,-31.5
prefabHypersthene,24.5,-31.5
prefabHypersthene,13.5,-32.5
prefabHypersthene,32.5,-35.5
prefabHypersthene,24.5,-36.5
prefabHypersthene,29.5,-36.5
prefabHypersthene,32.5,-37.5
prefabHypersthene,29.5,-38.5
prefabHypersthene,20.5,-41.5
prefabHypersthene,17.5,-44.5
prefabHypersthene,21.5,-47.5
prefabHypersthene,14.5,-50.5
prefabHypersthene,16.5,-55.5
prefabHypersthene,13.5,-56.5
prefabHypersthene,31.5,-59.5
prefabHypersthene,28.5,-60.5
prefabHypersthene,1.5,-61.5
prefabHypersthene,24.5,-62.5
prefabHypersthene,9.5,-64.5
prefabHypersthene,17.5,-64.5
prefabHypersthene,26.5,-64.5
prefabHypersthene,6.5,-65.5
prefabHypersthene,2.5,-66.5
prefabRegolith,0,-3
prefabRock,1,-3
prefabPackedRegolith,2,-3
prefabTaenite,3,-3
prefabPackedRegolith,4,-3
prefabRock,5,-3
prefabPackedRegolith,6,-3
prefabRegolith,8,-3
prefabTaenite,9,-3
prefabRegolith,11,-3
prefabPackedRegolith,12,-3
prefabKamacite,13,-3
prefabRegolith,14,-3
prefabRegolith,16,-3
prefabPackedRegolith,17,-3
prefabRock,19,-3
prefabPackedRegolith,20,-3
prefabRegolith,21,-4.999
prefabRegolith,22,-3
prefabRegolith,23,-3
prefabRegolith,24,-3
prefabRock,25,-3
prefabPackedRegolith,26,-3
prefabTaenite,27,-3
prefabPackedRegolith,28,-3
prefabPackedRegolith,29,-3
prefabRock,30,-3
prefabRegolith,31,-3
prefabPackedRegolith,32,-3
prefabPackedRegolith,33,-3
prefabPackedRegolith,34,-3
prefabPackedRegolith,0,-4
prefabTaenite,1,-4
prefabRegolith,2,-4
prefabPackedRegolith,3,-4
prefabPackedRegolith,4,-4
prefabRegolith,5,-4.995
prefabRock,6,-4
prefabRock,7,-4
prefabRock,8,-4
prefabRegolith,9,-4
prefabPackedRegolith,10,-4
prefabPackedRegolith,11,-4
prefabPackedRegolith,12,-4
prefabPackedRegolith,13,-4
prefabPackedRegolith,14,-4
prefabPackedRegolith,15,-4
prefabPackedRegolith,16,-4
prefabRock,17,-4
prefabPackedRegolith,18,-4
prefabKamacite,19,-4
prefabRegolith,20,-4
prefabTaenite,22,-4
prefabRegolith,23,-4
prefabRegolith,24,-4
prefabPackedRegolith,27,-4
prefabKamacite,28,-4
prefabPackedRegolith,29,-4
prefabRock,30,-4
prefabRegolith,31,-4
prefabRegolith,32,-4
prefabRock,33,-4
prefabRegolith,34,-4
prefabPackedRegolith,1,-5
prefabPackedRegolith,4,-5
prefabRegolith,5,-5.996
prefabPackedRegolith,6,-5
prefabPackedRegolith,7,-5
prefabRegolith,8,-5
prefabPackedRegolith,9,-5
prefabTaenite,10,-5
prefabRock,11,-5
prefabPackedRegolith,12,-5
prefabRegolith,20,-5
prefabPackedRegolith,22,-5
prefabRegolith,23,-5
prefabRegolith,24,-5
prefabTaenite,27,-5
prefabRegolith,28,-5
prefabRegolith,29,-5
prefabRock,31,-5
prefabRock,32,-5
prefabTaenite,33,-5
prefabRock,34,-5
prefabRock,0,-6
prefabPackedRegolith,1,-6
prefabRock,4,-6
prefabRegolith,5,-6.997
prefabRock,6,-6
prefabRegolith,8,-6
prefabPackedRegolith,10,-6
prefabRegolith,11,-6
prefabPackedRegolith,12,-6
prefabRock,20,-6
prefabPackedRegolith,21,-6
prefabKamacite,22,-6
prefabRegolith,23,-6
prefabRock,24,-6
prefabRegolith,25,-6
prefabPackedRegolith,26,-6
prefabRock,27,-6
prefabRock,28,-6
prefabKamacite,29,-6
prefabRock,30,-6
prefabRegolith,32,-6
prefabRegolith,33,-6
prefabRock,0,-7
prefabPackedRegolith,1,-7
prefabRegolith,2,-7
prefabRock,3,-7
prefabTaenite,4,-7
prefabRegolith,5,-7.998
prefabPackedRegolith,6,-7
prefabPackedRegolith,7,-7
prefabPackedRegolith,8,-7
prefabRegolith,10,-7
prefabRock,11,-7
prefabKamacite,12,-7
prefabRegolith,20,-7
prefabPackedRegolith,21,-7
prefabRock,22,-7
prefabPackedRegolith,23,-7
prefabRegolith,24,-7
prefabRock,25,-7
prefabPackedRegolith,26,-7
prefabRegolith,27,-7
prefabPackedRegolith,28,-7
prefabRegolith,29,-7
prefabRegolith,30,-9.997999
prefabPackedRegolith,32,-7
prefabPackedRegolith,33,-7
prefabRock,34,-7
prefabTaenite,0,-8
prefabRegolith,1,-8
prefabTaenite,2,-8
prefabRock,3,-8
prefabRegolith,5,-8.999
prefabRock,6,-8
prefabRock,7,-8
prefabRock,8,-8
prefabPackedRegolith,9,-8
prefabRock,10,-8
prefabPackedRegolith,11,-8
prefabRock,20,-8
prefabTaenite,21,-8
prefabRegolith,22,-8
prefabPackedRegolith,23,-8
prefabKamacite,24,-8
prefabPackedRegolith,25,-8
prefabPackedRegolith,26,-8
prefabTaenite,27,-8
prefabRegolith,28,-8
prefabPackedRegolith,29,-8
prefabRegolith,31,-8
prefabPackedRegolith,32,-8
prefabPackedRegolith,0,-9
prefabRegolith,1,-9
prefabRegolith,2,-9.999
prefabRock,3,-9
prefabRock,4,-9
prefabRock,6,-9
prefabPackedRegolith,7,-9
prefabPackedRegolith,8,-9
prefabKamacite,9,-9
prefabPackedRegolith,10,-9
prefabRock,11,-9
prefabRock,20,-9
prefabPackedRegolith,21,-9
prefabRegolith,22,-9
prefabRegolith,23,-9
prefabRock,24,-9
prefabRegolith,25,-9
prefabPackedRegolith,26,-9
prefabRegolith,27,-9.999
prefabPackedRegolith,28,-9
prefabTaenite,29,-9
prefabRegolith,30,-10.999
prefabRock,31,-9
prefabPackedRegolith,32,-9
prefabRegolith,0,-10
prefabTaenite,1,-10
prefabRock,3,-10
prefabPackedRegolith,4,-10
prefabPackedRegolith,5,-10
prefabRock,10,-10
prefabRock,11,-10
prefabRegolith,12,-10
prefabPackedRegolith,20,-10
prefabRock,21,-10
prefabRock,22,-10
prefabRock,23,-10
prefabRock,24,-10
prefabPackedRegolith,25,-10
prefabRock,26,-10
prefabPackedRegolith,28,-10
prefabPackedRegolith,33,-10
prefabRock,34,-10
prefabPackedRegolith,0,-11
prefabRock,2,-11
prefabRock,3,-11
prefabPackedRegolith,4,-11
prefabPackedRegolith,5,-11
prefabKamacite,10,-11
prefabRock,11,-11
prefabRock,12,-11
prefabRegolith,14,-11
prefabPackedRegolith,15,-11
prefabKamacite,16,-11
prefabRock,18,-11
prefabPackedRegolith,19,-11
prefabRegolith,20,-11
prefabRock,21,-11
prefabRegolith,23,-11
prefabPackedRegolith,24,-11
prefabPackedRegolith,25,-11
prefabPackedRegolith,26,-11
prefabRock,27,-11
prefabRegolith,28,-11
prefabRegolith,33,-11.999
prefabPackedRegolith,34,-11
prefabTaenite,0,-12
prefabPackedRegolith,1,-12
prefabPackedRegolith,2,-12
prefabPackedRegolith,3,-12
prefabPackedRegolith,4,-12
prefabRegolith,5,-12
prefabRock,10,-12
prefabRock,11,-12
prefabRegolith,14,-12
prefabPackedRegolith,16,-12
prefabRegolith,17,-12
prefabTaenite,18,-12
prefabRegolith,19,-12
prefabRock,20,-12
prefabRegolith,21,-12.999
prefabRegolith,22,-12
prefabPackedRegolith,23,-12
prefabPackedRegolith,24,-12
prefabPackedRegolith,25,-12
prefabRegolith,26,-12
prefabRock,27,-12
prefabRegolith,28,-12
prefabRegolith,34,-12
prefabRock,0,-13
prefabKamacite,1,-13
prefabPackedRegolith,2,-13
prefabPackedRegolith,3,-13
prefabPackedRegolith,4,-13
prefabPackedRegolith,7,-13
prefabRegolith,8,-13
prefabPackedRegolith,9,-13
prefabRock,10,-13
prefabPackedRegolith,11,-13
prefabPackedRegolith,14,-13
prefabPackedRegolith,15,-13
prefabRegolith,16,-13
prefabPackedRegolith,17,-13
prefabRock,18,-13
prefabTaenite,19,-13
prefabPackedRegolith,20,-13
prefabPackedRegolith,22,-13
prefabPackedRegolith,23,-13
prefabRegolith,24,-13
prefabRock,25,-13
prefabRock,26,-13
prefabRock,27,-13
prefabRegolith,28,-13
prefabPackedRegolith,29,-13
prefabRegolith,30,-13
prefabPackedRegolith,31,-13
prefabRock,32,-13
prefabRegolith,33,-13
prefabTaenite,34,-13
prefabRock,0,-14
prefabRegolith,1,-14
prefabRock,2,-14
prefabPackedRegolith,3,-14
prefabRock,4,-14
prefabPackedRegolith,7,-14
prefabTaenite,8,-14
prefabRock,9,-14
prefabTaenite,10,-14
prefabPackedRegolith,14,-14
prefabPackedRegolith,15,-14
prefabRegolith,16,-14
prefabPackedRegolith,17,-14
prefabTaenite,18,-14
prefabTaenite,19,-14
prefabPackedRegolith,20,-14
prefabRock,21,-14
prefabPackedRegolith,22,-14
prefabPackedRegolith,23,-14
prefabRock,24,-14
prefabRock,25,-14
prefabRock,26,-14
prefabRegolith,29,-14
prefabRock,30,-14
prefabTaenite,31,-14
prefabRegolith,32,-14
prefabPackedRegolith,33,-14
prefabTaenite,34,-14
prefabRegolith,0,-15
prefabRock,1,-15
prefabRock,2,-15
prefabPackedRegolith,3,-15
prefabTaenite,4,-15
prefabRock,5,-15
prefabRegolith,6,-15
prefabRegolith,7,-15
prefabRegolith,8,-15
prefabPackedRegolith,9,-15
prefabPackedRegolith,10,-15
prefabRegolith,13,-15
prefabPackedRegolith,14,-15
prefabRock,15,-15
prefabPackedRegolith,16,-15
prefabRock,17,-15
prefabKamacite,18,-15
prefabPackedRegolith,19,-15
prefabPackedRegolith,20,-15
prefabPackedRegolith,21,-15
prefabRegolith,22,-15
prefabPackedRegolith,23,-15
prefabRegolith,24,-15
prefabRegolith,25,-15
prefabRegolith,26,-15
prefabPackedRegolith,29,-15
prefabKamacite,30,-15
prefabRock,31,-15
prefabPackedRegolith,32,-15
prefabPackedRegolith,33,-15
prefabPackedRegolith,34,-15
prefabRegolith,0,-16
prefabRock,2,-16
prefabPackedRegolith,3,-16
prefabTaenite,4,-16
prefabRock,5,-16
prefabRegolith,6,-16
prefabRock,7,-16
prefabRock,8,-16
prefabRock,9,-16
prefabRegolith,10,-16
prefabPackedRegolith,11,-16
prefabRock,12,-16
prefabRock,13,-16
prefabPackedRegolith,14,-16
prefabRegolith,15,-16
prefabRock,16,-16
prefabPackedRegolith,17,-16
prefabRegolith,18,-16
prefabRegolith,19,-16
prefabRegolith,20,-16
prefabRock,21,-16
prefabRegolith,22,-16
prefabTaenite,23,-16
prefabPackedRegolith,24,-16
prefabPackedRegolith,25,-16
prefabPackedRegolith,26,-16
prefabTaenite,27,-16
prefabPackedRegolith,28,-16
prefabPackedRegolith,29,-16
prefabRegolith,30,-16
prefabPackedRegolith,31,-16
prefabRock,32,-16
prefabRegolith,33,-16
prefabPackedRegolith,34,-16
prefabRock,0,-17
prefabRock,1,-17
prefabTaenite,2,-17
prefabPackedRegolith,3,-17
prefabPackedRegolith,4,-17
prefabRock,6,-17
prefabRock,7,-17
prefabPackedRegolith,8,-17
prefabRegolith,9,-17
prefabRock,10,-17
prefabRegolith,11,-17
prefabPackedRegolith,12,-17
prefabRock,14,-17
prefabPackedRegolith,15,-17
prefabPackedRegolith,18,-17
prefabRock,19,-17
prefabPackedRegolith,20,-17
prefabRegolith,21,-17
prefabPackedRegolith,22,-17
prefabKamacite,23,-17
prefabRock,24,-17
prefabKamacite,25,-17
prefabPackedRegolith,26,-17
prefabRegolith,27,-17
prefabTaenite,28,-17
prefabPackedRegolith,29,-17
prefabPackedRegolith,30,-17
prefabPackedRegolith,31,-17
prefabRock,32,-17
prefabKamacite,33,-17
prefabPackedRegolith,34,-17
prefabRock,0,-18
prefabRock,1,-18
prefabPackedRegolith,2,-18
prefabRegolith,3,-18
prefabRegolith,4,-18
prefabPackedRegolith,5,-18
prefabRock,6,-18
prefabPackedRegolith,7,-18
prefabRegolith,8,-18
prefabPackedRegolith,9,-18
prefabKamacite,11,-18
prefabRock,12,-18
prefabPackedRegolith,13,-18
prefabRock,14,-18
prefabPackedRegolith,15,-18
prefabPackedRegolith,16,-18
prefabTaenite,17,-18
prefabPackedRegolith,18,-18
prefabTaenite,19,-18
prefabRock,20,-18
prefabPackedRegolith,21,-18
prefabRegolith,22,-18
prefabKamacite,23,-18
prefabPackedRegolith,24,-18
prefabRegolith,25,-18
prefabRock,26,-18
prefabPackedRegolith,27,-18
prefabRock,28,-18
prefabPackedRegolith,29,-18
prefabRock,30,-18
prefabRegolith,31,-18
prefabRock,32,-18
prefabRock,33,-18
prefabRock,34,-18
prefabRock,1,-19
prefabTaenite,2,-19
prefabPackedRegolith,3,-19
prefabPackedRegolith,4,-19
prefabPackedRegolith,5,-19
prefabRock,6,-19
prefabKamacite,8,-19
prefabPackedRegolith,9,-19
prefabPackedRegolith,10,-19
prefabRock,11,-19
prefabPackedRegolith,12,-19
prefabPackedRegolith,13,-19
prefabRock,14,-19
prefabRock,15,-19
prefabPackedRegolith,16,-19
prefabRock,17,-19
prefabRock,18,-19
prefabPackedRegolith,19,-19
prefabKamacite,20,-19
prefabRock,21,-19
prefabPackedRegolith,22,-19
prefabRegolith,23,-19
prefabRock,24,-19
prefabRock,25,-19
prefabRegolith,26,-19
prefabKamacite,27,-19
prefabKamacite,28,-19
prefabRegolith,29,-19
prefabTaenite,30,-19
prefabRock,31,-19
prefabRock,33,-19
prefabPackedRegolith,34,-19
prefabPackedRegolith,0,-20
prefabPackedRegolith,1,-20
prefabRegolith,2,-20
prefabPackedRegolith,3,-20
prefabTaenite,4,-20
prefabRock,6,-20
prefabPackedRegolith,7,-20
prefabRock,8,-20
prefabRegolith,9,-20
prefabPackedRegolith,10,-20
prefabRock,11,-20
prefabRegolith,12,-20
prefabKamacite,13,-20
prefabRegolith,14,-20
prefabRock,15,-20
prefabRegolith,17,-20
prefabPackedRegolith,18,-20
prefabPackedRegolith,20,-20
prefabPackedRegolith,21,-20
prefabRock,22,-20
prefabPackedRegolith,23,-20
prefabTaenite,24,-20
prefabPackedRegolith,25,-20
prefabPackedRegolith,26,-20
prefabRock,27,-20
prefabRock,28,-20
prefabRegolith,29,-20
prefabRock,30,-20
prefabKamacite,31,-20
prefabRegolith,32,-20
prefabRegolith,33,-20
prefabTaenite,0,-21
prefabRegolith,1,-21
prefabPackedRegolith,2,-21
prefabRegolith,4,-21
prefabPackedRegolith,5,-21
prefabPackedRegolith,6,-21
prefabPackedRegolith,7,-21
prefabPackedRegolith,8,-21
prefabPackedRegolith,9,-21
prefabRock,10,-21
prefabTaenite,11,-21
prefabPackedRegolith,12,-21
prefabPackedRegolith,13,-21
prefabRock,14,-21
prefabRegolith,15,-21
prefabRock,16,-21
prefabRegolith,17,-21
prefabRock,18,-21
prefabRegolith,19,-22.998
prefabRegolith,21,-21
prefabPackedRegolith,22,-21
prefabPackedRegolith,23,-21
prefabRegolith,28,-21
prefabPackedRegolith,29,-21
prefabRegolith,30,-21
prefabPackedRegolith,31,-21
prefabRock,32,-21
prefabPackedRegolith,33,-21
prefabRegolith,34,-21
prefabPackedRegolith,0,-22
prefabPackedRegolith,1,-22
prefabPackedRegolith,2,-22
prefabRock,3,-22
prefabPackedRegolith,4,-22
prefabRegolith,5,-22
prefabRegolith,6,-22
prefabPackedRegolith,7,-22
prefabPackedRegolith,8,-22
prefabRegolith,9,-22
prefabPackedRegolith,10,-22
prefabPackedRegolith,11,-22
prefabRegolith,12,-22
prefabRegolith,13,-22
prefabPackedRegolith,14,-22
prefabPackedRegolith,15,-22
prefabRegolith,16,-23.999
prefabPackedRegolith,17,-22
prefabRegolith,18,-23.999
prefabRegolith,19,-23.999
prefabTaenite,21,-22
prefabRegolith,22,-23.999
prefabPackedRegolith,23,-22
prefabPackedRegolith,24,-22
prefabRock,27,-22
prefabRegolith,28,-22
prefabRock,29,-22
prefabRock,30,-22
prefabKamacite,31,-22
prefabRegolith,32,-22
prefabPackedRegolith,33,-22
prefabPackedRegolith,34,-22
prefabPackedRegolith,0,-23
prefabRegolith,1,-23.999
prefabRegolith,2,-23
prefabRegolith,3,-23
prefabPackedRegolith,4,-23
prefabRegolith,5,-23
prefabRegolith,6,-23
prefabPackedRegolith,7,-23
prefabRock,8,-23
prefabRock,9,-23
prefabRegolith,10,-23
prefabRegolith,14,-23
prefabKamacite,15,-23
prefabRegolith,20,-23
prefabRegolith,21,-23
prefabRock,26,-23
prefabPackedRegolith,27,-23
prefabPackedRegolith,28,-23
prefabRock,29,-23
prefabRegolith,30,-23
prefabRegolith,31,-23
prefabRegolith,32,-23
prefabPackedRegolith,33,-23
prefabPackedRegolith,34,-23
prefabTaenite,0,-24
prefabTaenite,2,-24
prefabRegolith,3,-24
prefabKamacite,4,-24
prefabRock,5,-24
prefabRegolith,6,-24
prefabPackedRegolith,7,-24
prefabPackedRegolith,8,-24
prefabRegolith,9,-24
prefabPackedRegolith,10,-24
prefabPackedRegolith,11,-24
prefabPackedRegolith,14,-24
prefabRock,15,-24
prefabRock,20,-24
prefabRock,21,-24
prefabRegolith,26,-24
prefabTaenite,27,-24
prefabPackedRegolith,29,-24
prefabRock,30,-24
prefabRegolith,31,-24
prefabRegolith,32,-24
prefabRegolith,33,-24
prefabPackedRegolith,34,-24
prefabRegolith,0,-25
prefabTaenite,1,-25
prefabRegolith,2,-25
prefabTaenite,3,-25
prefabRock,4,-25
prefabTaenite,5,-25
prefabRegolith,6,-25
prefabRegolith,7,-25
prefabRegolith,8,-25
prefabPackedRegolith,9,-25
prefabPackedRegolith,10,-25
prefabPackedRegolith,11,-25
prefabPackedRegolith,12,-25
prefabRock,13,-25
prefabRegolith,14,-25.999
prefabRock,15,-25
prefabPackedRegolith,20,-25
prefabKamacite,21,-25
prefabKamacite,26,-25
prefabRegolith,27,-25
prefabRegolith,28,-25
prefabPackedRegolith,29,-25
prefabPackedRegolith,30,-25
prefabRegolith,31,-25
prefabKamacite,32,-25
prefabRegolith,33,-25
prefabPackedRegolith,34,-25
prefabPackedRegolith,0,-26
prefabRock,1,-26
prefabTaenite,2,-26
prefabRegolith,3,-26
prefabPackedRegolith,4,-26
prefabPackedRegolith,5,-26
prefabRegolith,6,-26
prefabRegolith,7,-26
prefabRegolith,8,-26
prefabRegolith,9,-26
prefabPackedRegolith,10,-26
prefabRock,11,-26
prefabPackedRegolith,12,-26
prefabTaenite,13,-26
prefabRock,15,-26
prefabTaenite,16,-26
prefabRegolith,17,-26
prefabPackedRegolith,18,-26
prefabPackedRegolith,19,-26
prefabRock,20,-26
prefabRegolith,21,-26
prefabTaenite,22,-26
prefabPackedRegolith,23,-26
prefabRock,24,-26
prefabPackedRegolith,25,-26
prefabRegolith,26,-26
prefabPackedRegolith,27,-26
prefabRegolith,28,-26
prefabRock,29,-26
prefabPackedRegolith,30,-26
prefabRegolith,31,-26
prefabRegolith,32,-26.999
prefabPackedRegolith,33,-26
prefabPackedRegolith,34,-26
prefabRock,0,-27
prefabRegolith,1,-27
prefabRegolith,2,-27
prefabPackedRegolith,3,-27
prefabRegolith,4,-27
prefabRegolith,5,-27
prefabRock,6,-27
prefabPackedRegolith,7,-27
prefabRock,8,-27
prefabKamacite,9,-27
prefabKamacite,10,-27
prefabPackedRegolith,13,-27
prefabPackedRegolith,14,-27
prefabPackedRegolith,15,-27
prefabRegolith,16,-27
prefabRegolith,17,-27
prefabRegolith,20,-27
prefabPackedRegolith,21,-27
prefabTaenite,22,-27
prefabPackedRegolith,23,-27
prefabRock,24,-27
prefabPackedRegolith,26,-27
prefabPackedRegolith,27,-27
prefabPackedRegolith,28,-27
prefabRegolith,29,-27
prefabRock,30,-27
prefabKamacite,31,-27
prefabPackedRegolith,33,-27
prefabRock,34,-27
prefabRegolith,0,-28
prefabPackedRegolith,1,-28
prefabPackedRegolith,2,-28
prefabTaenite,4,-28
prefabTaenite,5,-28
prefabRegolith,6,-28
prefabPackedRegolith,7,-28
prefabTaenite,8,-28
prefabRock,9,-28
prefabRock,10,-28
prefabTaenite,13,-28
prefabRegolith,14,-28
prefabKamacite,15,-28
prefabRock,16,-28
prefabPackedRegolith,17,-28
prefabPackedRegolith,20,-28
prefabPackedRegolith,21,-28
prefabPackedRegolith,22,-28
prefabRock,23,-28
prefabRock,25,-28
prefabPackedRegolith,26,-28
prefabRock,27,-28
prefabPackedRegolith,28,-28
prefabRegolith,29,-28
prefabPackedRegolith,30,-28
prefabPackedRegolith,31,-28
prefabPackedRegolith,32,-28
prefabTaenite,33,-28
prefabPackedRegolith,34,-28
prefabPackedRegolith,0,-29
prefabPackedRegolith,1,-29
prefabPackedRegolith,2,-29
prefabRock,3,-29
prefabPackedRegolith,4,-29
prefabPackedRegolith,5,-29
prefabRock,8,-29
prefabRegolith,9,-29
prefabRegolith,10,-29.999
prefabTaenite,11,-29
prefabPackedRegolith,12,-29
prefabTaenite,14,-29
prefabRegolith,15,-29
prefabRock,16,-29
prefabPackedRegolith,17,-29
prefabPackedRegolith,18,-29
prefabPackedRegolith,19,-29
prefabRegolith,20,-29
prefabRegolith,21,-29
prefabPackedRegolith,22,-29
prefabTaenite,23,-29
prefabRegolith,24,-29
prefabPackedRegolith,25,-29
prefabPackedRegolith,27,-29
prefabRegolith,28,-29
prefabRegolith,29,-29
prefabKamacite,30,-29
prefabPackedRegolith,31,-29
prefabRegolith,32,-29
prefabPackedRegolith,33,-29
prefabRock,34,-29
prefabPackedRegolith,0,-30
prefabPackedRegolith,1,-30
prefabKamacite,2,-30
prefabRock,3,-30
prefabRegolith,5,-30
prefabPackedRegolith,8,-30
prefabRock,9,-30
prefabRock,12,-30
prefabPackedRegolith,13,-30
prefabPackedRegolith,14,-30
prefabRegolith,15,-30
prefabKamacite,16,-30
prefabRegolith,17,-30
prefabPackedRegolith,18,-30
prefabRegolith,19,-30.998
prefabPackedRegolith,20,-30
prefabPackedRegolith,21,-30
prefabTaenite,22,-30
prefabPackedRegolith,23,-30
prefabRock,24,-30
prefabPackedRegolith,25,-30
prefabPackedRegolith,26,-30
prefabRock,27,-30
prefabRock,28,-30
prefabRock,29,-30
prefabRock,30,-30
prefabPackedRegolith,31,-30
prefabRegolith,32,-30
prefabRegolith,33,-30
prefabRegolith,34,-30
prefabPackedRegolith,0,-31
prefabRock,1,-31
prefabTaenite,2,-31
prefabPackedRegolith,3,-31
prefabPackedRegolith,4,-31
prefabPackedRegolith,5,-31
prefabKamacite,6,-31
prefabRegolith,7,-31
prefabPackedRegolith,8,-31
prefabRegolith,9,-31
prefabRegolith,10,-31
prefabRegolith,11,-32.996
prefabPackedRegolith,12,-31
prefabRegolith,13,-31
prefabRock,14,-31
prefabRegolith,15,-31
prefabPackedRegolith,16,-31
prefabRegolith,19,-31.999
prefabRegolith,20,-31
prefabKamacite,22,-31
prefabRock,23,-31
prefabTaenite,26,-31
prefabRegolith,27,-31
prefabKamacite,32,-31
prefabRock,33,-31
prefabPackedRegolith,34,-31
prefabRock,0,-32
prefabRegolith,1,-32
prefabRegolith,2,-32
prefabRock,3,-32
prefabRegolith,4,-32
prefabKamacite,6,-32
prefabRegolith,7,-32
prefabPackedRegolith,8,-32
prefabPackedRegolith,9,-32
prefabTaenite,10,-32
prefabRegolith,11,-33.997
prefabRegolith,12,-32
prefabKamacite,15,-32
prefabPackedRegolith,16,-32
prefabTaenite,20,-32
prefabPackedRegolith,21,-32
prefabPackedRegolith,22,-32
prefabKamacite,26,-32
prefabPackedRegolith,27,-32
prefabRegolith,32,-32.999
prefabRegolith,33,-32
prefabRegolith,34,-32
prefabRock,0,-33
prefabRock,1,-33
prefabPackedRegolith,2,-33
prefabRegolith,3,-33
prefabRegolith,4,-33
prefabRock,5,-33
prefabPackedRegolith,6,-33
prefabKamacite,7,-33
prefabPackedRegolith,8,-33
prefabRegolith,9,-33
prefabRegolith,10,-33
prefabRegolith,11,-34.998
prefabPackedRegolith,12,-33
prefabPackedRegolith,16,-33
prefabPackedRegolith,17,-33
prefabPackedRegolith,18,-33
prefabRegolith,19,-33
prefabRock,20,-33
prefabRegolith,21,-36.999
prefabRegolith,22,-33
prefabRegolith,23,-33
prefabPackedRegolith,24,-33
prefabRock,25,-33
prefabPackedRegolith,26,-33
prefabPackedRegolith,27,-33
prefabRegolith,33,-33
prefabPackedRegolith,34,-33
prefabKamacite,0,-34
prefabPackedRegolith,1,-34
prefabRegolith,2,-34
prefabPackedRegolith,3,-34
prefabKamacite,4,-34
prefabPackedRegolith,5,-34
prefabRegolith,6,-34
prefabPackedRegolith,7,-34
prefabKamacite,8,-34
prefabTaenite,9,-34
prefabTaenite,10,-34
prefabRegolith,11,-35.999
prefabPackedRegolith,12,-34
prefabRegolith,13,-38.996
prefabPackedRegolith,14,-34
prefabTaenite,15,-34
prefabRegolith,16,-34
prefabRegolith,17,-34
prefabRegolith,18,-34
prefabRegolith,19,-34
prefabRock,22,-34
prefabRegolith,23,-34
prefabRegolith,24,-34
prefabRegolith,25,-34
prefabPackedRegolith,26,-34
prefabKamacite,27,-34
prefabKamacite,28,-34
prefabRegolith,29,-34
prefabRegolith,30,-34
prefabPackedRegolith,31,-34
prefabPackedRegolith,32,-34
prefabPackedRegolith,33,-34
prefabPackedRegolith,34,-34
prefabPackedRegolith,0,-35
prefabPackedRegolith,1,-35
prefabPackedRegolith,2,-35
prefabTaenite,4,-35
prefabRegolith,5,-36.999
prefabRock,6,-35
prefabRegolith,7,-36.999
prefabPackedRegolith,8,-35
prefabPackedRegolith,9,-35
prefabPackedRegolith,10,-35
prefabKamacite,15,-35
prefabTaenite,16,-35
prefabRegolith,17,-35
prefabRock,18,-35
prefabRock,19,-35
prefabRock,22,-35
prefabRock,23,-35
prefabRegolith,24,-35
prefabRock,25,-35
prefabPackedRegolith,26,-35
prefabPackedRegolith,27,-35
prefabRock,28,-35
prefabRock,29,-35
prefabPackedRegolith,30,-35
prefabPackedRegolith,31,-35
prefabRock,34,-35
prefabRock,0,-36
prefabPackedRegolith,1,-36
prefabPackedRegolith,2,-36
prefabRegolith,3,-36
prefabRock,4,-36
prefabRegolith,9,-36
prefabPackedRegolith,10,-36
prefabTaenite,15,-36
prefabRegolith,16,-36
prefabRock,17,-36
prefabRegolith,18,-36
prefabPackedRegolith,23,-36
prefabRock,26,-36
prefabPackedRegolith,27,-36
prefabPackedRegolith,28,-36
prefabRock,31,-36
prefabTaenite,0,-37
prefabTaenite,1,-37
prefabTaenite,2,-37
prefabTaenite,3,-37
prefabRegolith,4,-37
prefabPackedRegolith,9,-37
prefabPackedRegolith,15,-37
prefabRegolith,16,-37
prefabRegolith,17,-37
prefabPackedRegolith,18,-37
prefabPackedRegolith,23,-37
prefabTaenite,26,-37
prefabRegolith,27,-37
prefabKamacite,31,-37
prefabPackedRegolith,0,-38
prefabRegolith,1,-38
prefabRegolith,2,-38
prefabRegolith,3,-38
prefabRock,4,-38
prefabPackedRegolith,9,-38
prefabPackedRegolith,10,-38
prefabPackedRegolith,15,-38
prefabPackedRegolith,16,-38
prefabRock,17,-38
prefabRegolith,18,-39.998
prefabPackedRegolith,23,-38
prefabPackedRegolith,24,-38
prefabRegolith,25,-38
prefabPackedRegolith,26,-38
prefabPackedRegolith,27,-38
prefabRegolith,28,-38
prefabPackedRegolith,31,-38
prefabRock,0,-39
prefabRegolith,1,-39
prefabRock,2,-39
prefabRegolith,3,-39
prefabPackedRegolith,4,-39
prefabRegolith,5,-39
prefabRegolith,6,-39
prefabPackedRegolith,7,-39
prefabPackedRegolith,8,-39
prefabPackedRegolith,9,-39
prefabPackedRegolith,10,-39
prefabRock,15,-39
prefabTaenite,16,-39
prefabRegolith,17,-40.999
prefabRegolith,18,-40.999
prefabRegolith,19,-41.997
prefabPackedRegolith,20,-39
prefabRegolith,21,-39
prefabRock,22,-39
prefabRock,23,-39
prefabPackedRegolith,24,-39
prefabRock,25,-39
prefabRock,26,-39
prefabRegolith,27,-39
prefabRegolith,28,-39
prefabRock,31,-39
prefabTaenite,32,-39
prefabRock,33,-39
prefabTaenite,34,-39
prefabPackedRegolith,0,-40
prefabPackedRegolith,1,-40
prefabRock,2,-40
prefabRegolith,3,-40
prefabRegolith,4,-40
prefabRock,5,-40
prefabTaenite,6,-40
prefabRegolith,7,-41.999
prefabPackedRegolith,8,-40
prefabPackedRegolith,9,-40
prefabTaenite,10,-40
prefabPackedRegolith,15,-40
prefabPackedRegolith,20,-40
prefabKamacite,21,-40
prefabRegolith,22,-40
prefabRegolith,23,-40
prefabPackedRegolith,24,-40
prefabPackedRegolith,25,-40
prefabPackedRegolith,27,-40
prefabRock,28,-40
prefabKamacite,29,-40
prefabPackedRegolith,30,-40
prefabRock,31,-40
prefabRegolith,33,-40
prefabPackedRegolith,34,-40
prefabPackedRegolith,0,-41
prefabPackedRegolith,1,-41
prefabRock,2,-41
prefabPackedRegolith,3,-41
prefabRegolith,4,-41
prefabRegolith,9,-41
prefabPackedRegolith,10,-41
prefabPackedRegolith,11,-41
prefabRegolith,12,-41
prefabRegolith,13,-41.999
prefabPackedRegolith,14,-41
prefabRegolith,15,-41
prefabPackedRegolith,22,-41
prefabRock,23,-41
prefabTaenite,24,-41
prefabPackedRegolith,25,-41
prefabRock,26,-41
prefabTaenite,27,-41
prefabPackedRegolith,28,-41
prefabRegolith,29,-41
prefabPackedRegolith,30,-41
prefabRock,31,-41
prefabPackedRegolith,32,-41
prefabRegolith,33,-41
prefabRegolith,34,-41
prefabTaenite,1,-42
prefabPackedRegolith,2,-42
prefabPackedRegolith,3,-42
prefabPackedRegolith,4,-42
prefabPackedRegolith,9,-42
prefabRock,10,-42
prefabRock,11,-42
prefabRock,12,-42
prefabRock,14,-42
prefabRock,15,-42
prefabPackedRegolith,22,-42
prefabPackedRegolith,23,-42
prefabRock,24,-42
prefabRegolith,25,-43.999
prefabTaenite,26,-42
prefabRegolith,27,-42
prefabRegolith,28,-42
prefabRegolith,29,-42
prefabPackedRegolith,30,-42
prefabRock,31,-42
prefabRock,32,-42
prefabRock,33,-42
prefabPackedRegolith,34,-42
prefabRock,0,-43
prefabRegolith,1,-43.999
prefabKamacite,2,-43
prefabPackedRegolith,3,-43
prefabPackedRegolith,4,-43
prefabRegolith,9,-43
prefabRegolith,10,-43
prefabPackedRegolith,11,-43
prefabKamacite,12,-43
prefabTaenite,13,-43
prefabRock,14,-43
prefabRock,15,-43
prefabPackedRegolith,16,-43
prefabRegolith,17,-43
prefabRock,18,-43
prefabRegolith,19,-43.999
prefabRegolith,20,-43
prefabPackedRegolith,21,-43
prefabRock,26,-43
prefabPackedRegolith,27,-43
prefabPackedRegolith,28,-43
prefabRock,29,-43
prefabPackedRegolith,31,-43
prefabRock,32,-43
prefabRock,33,-43
prefabRock,0,-44
prefabRock,4,-44
prefabRegolith,5,-44
prefabPackedRegolith,6,-44
prefabRegolith,7,-44
prefabRegolith,8,-44
prefabPackedRegolith,9,-44
prefabPackedRegolith,10,-44
prefabPackedRegolith,14,-44
prefabPackedRegolith,15,-44
prefabPackedRegolith,16,-44
prefabPackedRegolith,20,-44
prefabRegolith,21,-44
prefabRegolith,26,-44
prefabRegolith,27,-44
prefabPackedRegolith,28,-44
prefabRock,29,-44
prefabPackedRegolith,30,-44
prefabPackedRegolith,31,-44
prefabKamacite,32,-44
prefabRegolith,33,-44
prefabRegolith,34,-44
prefabRock,0,-45
prefabRegolith,4,-45
prefabRock,5,-45
prefabRegolith,6,-45
prefabRock,7,-45
prefabRegolith,8,-45
prefabRock,9,-45
prefabRegolith,10,-45
prefabRock,14,-45
prefabPackedRegolith,15,-45
prefabPackedRegolith,16,-45
prefabRock,19,-45
prefabRegolith,20,-45
prefabPackedRegolith,21,-45
prefabPackedRegolith,26,-45
prefabTaenite,27,-45
prefabRock,28,-45
prefabPackedRegolith,29,-45
prefabPackedRegolith,30,-45
prefabPackedRegolith,34,-45
prefabPackedRegolith,0,-46
prefabRegolith,4,-46
prefabPackedRegolith,5,-46
prefabTaenite,6,-46
prefabTaenite,7,-46
prefabPackedRegolith,8,-46
prefabPackedRegolith,9,-46
prefabRock,10,-46
prefabPackedRegolith,14,-46
prefabRegolith,15,-46
prefabRegolith,16,-46.999
prefabTaenite,17,-46
prefabTaenite,18,-46
prefabPackedRegolith,19,-46
prefabPackedRegolith,20,-46
prefabTaenite,21,-46
prefabRock,23,-46
prefabRock,24,-46
prefabPackedRegolith,25,-46
prefabTaenite,26,-46
prefabRegolith,27,-46
prefabPackedRegolith,29,-46
prefabRegolith,30,-46.998
prefabPackedRegolith,0,-47
prefabPackedRegolith,1,-47
prefabRegolith,3,-47
prefabRegolith,4,-47
prefabKamacite,5,-47
prefabTaenite,6,-47
prefabRegolith,7,-47
prefabRegolith,8,-47
prefabKamacite,9,-47
prefabRock,10,-47
prefabPackedRegolith,11,-47
prefabPackedRegolith,12,-47
prefabPackedRegolith,13,-47
prefabRegolith,14,-47
prefabPackedRegolith,15,-47
prefabRegolith,19,-47
prefabRock,23,-47
prefabRegolith,24,-47
prefabRegolith,25,-47
prefabRock,26,-47
prefabRegolith,27,-47
prefabRock,29,-47
prefabRegolith,30,-47.999
prefabRock,34,-47
prefabPackedRegolith,0,-48
prefabPackedRegolith,1,-48
prefabPackedRegolith,2,-48
prefabPackedRegolith,3,-48
prefabRegolith,4,-48
prefabRegolith,5,-48
prefabRock,6,-48
prefabPackedRegolith,7,-48
prefabKamacite,8,-48
prefabRegolith,9,-48
prefabRegolith,10,-48
prefabTaenite,11,-48
prefabRegolith,12,-48
prefabPackedRegolith,13,-48
prefabPackedRegolith,14,-48
prefabPackedRegolith,15,-48
prefabRock,19,-48
prefabRock,20,-48
prefabPackedRegolith,23,-48
prefabRock,24,-48
prefabRegolith,25,-48
prefabPackedRegolith,26,-48
prefabPackedRegolith,27,-48
prefabRegolith,28,-49.999
prefabRegolith,29,-49.999
prefabPackedRegolith,31,-48
prefabRegolith,32,-48
prefabPackedRegolith,33,-48
prefabRock,34,-48
prefabPackedRegolith,0,-49
prefabRegolith,1,-49
prefabRock,2,-49
prefabRock,3,-49
prefabKamacite,4,-49
prefabKamacite,5,-49
prefabRegolith,6,-49
prefabRock,7,-49
prefabPackedRegolith,9,-49
prefabRegolith,10,-49
prefabRegolith,11,-49
prefabRegolith,12,-49
prefabPackedRegolith,13,-49
prefabPackedRegolith,14,-49
prefabPackedRegolith,15,-49
prefabRock,19,-49
prefabTaenite,20,-49
prefabPackedRegolith,21,-49
prefabPackedRegolith,22,-49
prefabRegolith,23,-50.999
prefabPackedRegolith,24,-49
prefabPackedRegolith,25,-49
prefabRegolith,30,-49
prefabRegolith,31,-49
prefabRock,32,-49
prefabRock,33,-49
prefabRegolith,34,-49
prefabPackedRegolith,1,-50
prefabRegolith,2,-50
prefabRegolith,3,-50
prefabRegolith,4,-50
prefabRegolith,5,-50
prefabRock,6,-50
prefabPackedRegolith,7,-50
prefabRegolith,8,-50
prefabPackedRegolith,9,-50
prefabPackedRegolith,10,-50
prefabRock,11,-50
prefabRegolith,12,-50
prefabKamacite,13,-50
prefabKamacite,16,-50
prefabRegolith,17,-50
prefabPackedRegolith,18,-50
prefabRegolith,19,-50
prefabRegolith,20,-50
prefabKamacite,30,-50
prefabRegolith,31,-50
prefabRock,32,-50
prefabRegolith,33,-50
prefabPackedRegolith,34,-50
prefabTaenite,0,-51
prefabRegolith,1,-51
prefabKamacite,2,-51
prefabKamacite,3,-51
prefabPackedRegolith,4,-51
prefabKamacite,5,-51
prefabRegolith,6,-51
prefabRegolith,7,-51
prefabKamacite,8,-51
prefabPackedRegolith,12,-51
prefabKamacite,13,-51
prefabRegolith,16,-51.999
prefabPackedRegolith,17,-51
prefabRock,18,-51
prefabTaenite,19,-51
prefabPackedRegolith,20,-51
prefabPackedRegolith,30,-51
prefabRock,31,-51
prefabRegolith,33,-51
prefabPackedRegolith,34,-51
prefabRock,0,-52
prefabPackedRegolith,1,-52
prefabRegolith,5,-52
prefabPackedRegolith,6,-52
prefabRegolith,7,-52
prefabRegolith,8,-52
prefabPackedRegolith,12,-52
prefabRock,13,-52
prefabKamacite,14,-52
prefabRegolith,15,-52
prefabRegolith,17,-52
prefabRock,18,-52
prefabKamacite,19,-52
prefabRegolith,20,-52
prefabTaenite,25,-52
prefabPackedRegolith,26,-52
prefabPackedRegolith,27,-52
prefabRock,28,-52
prefabPackedRegolith,29,-52
prefabTaenite,30,-52
prefabPackedRegolith,31,-52
prefabRock,32,-52
prefabRegolith,33,-52
prefabRock,0,-53
prefabRegolith,1,-53
prefabPackedRegolith,5,-53
prefabRock,6,-53
prefabPackedRegolith,7,-53
prefabRegolith,8,-53
prefabPackedRegolith,12,-53
prefabPackedRegolith,13,-53
prefabRock,14,-53
prefabPackedRegolith,15,-53
prefabRegolith,16,-53
prefabPackedRegolith,17,-53
prefabRegolith,18,-53
prefabPackedRegolith,19,-53
prefabRock,20,-53
prefabTaenite,21,-53
prefabPackedRegolith,23,-53
prefabPackedRegolith,25,-53
prefabPackedRegolith,26,-53
prefabRock,27,-53
prefabPackedRegolith,28,-53
prefabPackedRegolith,29,-53
prefabKamacite,30,-53
prefabRock,31,-53
prefabRegolith,32,-53
prefabPackedRegolith,33,-53
prefabPackedRegolith,34,-53
prefabPackedRegolith,0,-54
prefabPackedRegolith,1,-54
prefabRegolith,5,-54
prefabPackedRegolith,6,-54
prefabRegolith,7,-54
prefabRock,8,-54
prefabRegolith,9,-54
prefabRegolith,10,-54
prefabPackedRegolith,11,-54
prefabRock,12,-54
prefabRegolith,13,-54
prefabRock,14,-54
prefabKamacite,15,-54
prefabRock,16,-54
prefabRegolith,17,-54
prefabRegolith,18,-54
prefabPackedRegolith,20,-54
prefabKamacite,21,-54
prefabPackedRegolith,22,-54
prefabPackedRegolith,26,-54
prefabRegolith,27,-54
prefabRock,28,-54
prefabPackedRegolith,29,-54
prefabPackedRegolith,33,-54
prefabRegolith,34,-54
prefabRock,0,-55
prefabPackedRegolith,1,-55
prefabRock,2,-55
prefabRock,3,-55
prefabPackedRegolith,4,-55
prefabRock,5,-55
prefabPackedRegolith,7,-55
prefabRock,8,-55
prefabPackedRegolith,9,-55
prefabRock,10,-55
prefabPackedRegolith,11,-55
prefabRegolith,12,-55
prefabRock,13,-55
prefabPackedRegolith,14,-55
prefabPackedRegolith,15,-55
prefabRock,18,-55
prefabRock,19,-55
prefabPackedRegolith,20,-55
prefabTaenite,21,-55
prefabRock,22,-55
prefabPackedRegolith,26,-55
prefabKamacite,27,-55
prefabPackedRegolith,28,-55
prefabRegolith,29,-55
prefabPackedRegolith,33,-55
prefabPackedRegolith,34,-55
prefabPackedRegolith,0,-56
prefabPackedRegolith,1,-56
prefabRock,2,-56
prefabPackedRegolith,4,-56
prefabRegolith,5,-56
prefabRegolith,6,-56
prefabRock,8,-56
prefabRock,9,-56
prefabRegolith,10,-56.999
prefabPackedRegolith,11,-56
prefabTaenite,12,-56
prefabPackedRegolith,15,-56
prefabPackedRegolith,18,-56
prefabPackedRegolith,20,-56
prefabKamacite,21,-56
prefabRegolith,22,-56
prefabRegolith,27,-56
prefabRegolith,28,-56
prefabPackedRegolith,29,-56
prefabPackedRegolith,33,-56
prefabRegolith,0,-57
prefabTaenite,1,-57
prefabRegolith,2,-57
prefabPackedRegolith,3,-57
prefabPackedRegolith,4,-57
prefabRegolith,5,-57
prefabRegolith,6,-57
prefabRock,7,-57
prefabKamacite,8,-57
prefabRock,9,-57
prefabPackedRegolith,11,-57
prefabPackedRegolith,12,-57
prefabRock,15,-57
prefabPackedRegolith,16,-57
prefabKamacite,17,-57
prefabRegolith,18,-57
prefabTaenite,19,-57
prefabRegolith,20,-57
prefabRock,21,-57
prefabPackedRegolith,22,-57
prefabRock,27,-57
prefabPackedRegolith,28,-57
prefabKamacite,29,-57
prefabPackedRegolith,30,-57
prefabRock,31,-57
prefabKamacite,32,-57
prefabPackedRegolith,33,-57
prefabRock,34,-57
prefabPackedRegolith,0,-58
prefabPackedRegolith,1,-58
prefabRegolith,2,-58
prefabRock,3,-58
prefabRegolith,4,-58
prefabRegolith,5,-58
prefabPackedRegolith,6,-58
prefabRegolith,7,-58
prefabPackedRegolith,9,-58
prefabKamacite,10,-58
prefabRegolith,11,-58
prefabTaenite,12,-58
prefabPackedRegolith,13,-58
prefabRegolith,14,-58
prefabPackedRegolith,15,-58
prefabPackedRegolith,16,-58
prefabPackedRegolith,17,-58
prefabRock,18,-58
prefabTaenite,19,-58
prefabTaenite,20,-58
prefabRegolith,21,-58
prefabRegolith,22,-58
prefabRegolith,27,-58
prefabRegolith,28,-58
prefabRegolith,29,-58
prefabPackedRegolith,30,-58
prefabPackedRegolith,31,-58
prefabPackedRegolith,32,-58
prefabRegolith,33,-58
prefabRock,34,-58
prefabKamacite,0,-59
prefabRegolith,1,-59
prefabPackedRegolith,2,-59
prefabRegolith,3,-59.996
prefabPackedRegolith,4,-59
prefabPackedRegolith,5,-59
prefabRock,6,-59
prefabPackedRegolith,7,-59
prefabRock,9,-59
prefabRock,10,-59
prefabTaenite,11,-59
prefabRegolith,12,-59
prefabRegolith,13,-59
prefabPackedRegolith,14,-59
prefabTaenite,15,-59
prefabRegolith,16,-59
prefabPackedRegolith,17,-59
prefabRock,18,-59
prefabRock,19,-59
prefabPackedRegolith,20,-59
prefabRegolith,21,-59
prefabPackedRegolith,22,-59
prefabPackedRegolith,27,-59
prefabKamacite,28,-59
prefabPackedRegolith,29,-59
prefabPackedRegolith,33,-59
prefabRegolith,34,-59
prefabPackedRegolith,0,-60
prefabTaenite,1,-60
prefabKamacite,2,-60
prefabRegolith,3,-60.997
prefabPackedRegolith,4,-60
prefabRegolith,5,-60
prefabPackedRegolith,6,-60
prefabPackedRegolith,7,-60
prefabRock,8,-60
prefabRegolith,10,-60
prefabPackedRegolith,11,-60
prefabRegolith,12,-60
prefabRegolith,13,-60
prefabRock,14,-60
prefabRock,15,-60
prefabRegolith,16,-60
prefabRegolith,17,-60
prefabRegolith,18,-60
prefabRock,19,-60
prefabRegolith,21,-60
prefabPackedRegolith,22,-60
prefabRegolith,30,-60
prefabRock,34,-60
prefabRegolith,0,-61.999
prefabRegolith,3,-61.998
prefabRock,4,-61
prefabRegolith,5,-61
prefabRock,6,-61
prefabRegolith,7,-61
prefabPackedRegolith,8,-61
prefabRock,9,-61
prefabPackedRegolith,10,-61
prefabPackedRegolith,11,-61
prefabPackedRegolith,12,-61
prefabKamacite,13,-61
prefabRock,18,-61
prefabPackedRegolith,19,-61
prefabRock,20,-61
prefabPackedRegolith,21,-61
prefabRegolith,22,-61
prefabRock,27,-61
prefabPackedRegolith,30,-61
prefabTaenite,32,-61
prefabRock,33,-61
prefabPackedRegolith,34,-61
prefabRegolith,3,-62.999
prefabPackedRegolith,4,-62
prefabRegolith,5,-62
prefabTaenite,6,-62
prefabRegolith,7,-62
prefabRegolith,8,-62
prefabPackedRegolith,9,-62
prefabRegolith,10,-62
prefabPackedRegolith,11,-62
prefabPackedRegolith,12,-62
prefabRegolith,13,-62
prefabRock,14,-62
prefabPackedRegolith,18,-62
prefabPackedRegolith,19,-62
prefabPackedRegolith,20,-62
prefabRegolith,21,-62.999
prefabRegolith,22,-62
prefabRegolith,23,-62
prefabRock,26,-62
prefabRock,27,-62
prefabTaenite,33,-62
prefabRock,34,-62
prefabPackedRegolith,0,-63
prefabPackedRegolith,1,-63
prefabRegolith,2,-63
prefabKamacite,6,-63
prefabRock,7,-63
prefabRock,8,-63
prefabPackedRegolith,9,-63
prefabRegolith,10,-63
prefabPackedRegolith,11,-63
prefabRock,12,-63
prefabKamacite,13,-63
prefabRegolith,14,-63
prefabRock,18,-63
prefabRegolith,19,-63
prefabRock,20,-63
prefabPackedRegolith,22,-63
prefabPackedRegolith,23,-63
prefabRegolith,26,-63
prefabRock,31,-63
prefabRock,32,-63
prefabKamacite,33,-63
prefabRegolith,34,-63
prefabRegolith,0,-64
prefabPackedRegolith,1,-64
prefabPackedRegolith,2,-64
prefabRock,6,-64
prefabKamacite,7,-64
prefabPackedRegolith,8,-64
prefabPackedRegolith,11,-64
prefabPackedRegolith,12,-64
prefabRegolith,13,-64.999
prefabRock,14,-64
prefabPackedRegolith,15,-64
prefabTaenite,16,-64
prefabRegolith,19,-64
prefabPackedRegolith,20,-64
prefabPackedRegolith,21,-64
prefabRegolith,22,-64
prefabRock,23,-64
prefabRegolith,24,-64
prefabRegolith,25,-64
prefabPackedRegolith,31,-64
prefabRock,32,-64
prefabRegolith,33,-64
prefabTaenite,34,-64
prefabPackedRegolith,0,-65
prefabPackedRegolith,1,-65
prefabPackedRegolith,8,-65
prefabPackedRegolith,11,-65
prefabKamacite,12,-65
prefabPackedRegolith,14,-65
prefabRegolith,15,-65.997
prefabPackedRegolith,16,-65
prefabRegolith,19,-65
prefabPackedRegolith,20,-65
prefabKamacite,21,-65
prefabRegolith,22,-65
prefabKamacite,23,-65
prefabRegolith,24,-65
prefabRegolith,25,-65
prefabRock,28,-65
prefabPackedRegolith,29,-65
prefabRegolith,30,-65
prefabRegolith,31,-65
prefabRegolith,32,-65
prefabRegolith,33,-65
prefabTaenite,34,-65
prefabRegolith,0,-66.999
prefabPackedRegolith,1,-66
prefabPackedRegolith,4,-66
prefabPackedRegolith,5,-66
prefabPackedRegolith,8,-66
prefabRegolith,9,-66
prefabRegolith,10,-66
prefabRegolith,11,-66.999
prefabPackedRegolith,12,-66
prefabPackedRegolith,13,-66
prefabRock,14,-66
prefabRegolith,15,-66.998
prefabRegolith,16,-66.999
prefabPackedRegolith,17,-66
prefabRegolith,18,-66
prefabRegolith,19,-66
prefabPackedRegolith,20,-66
prefabRegolith,21,-66
prefabPackedRegolith,22,-66
prefabRegolith,23,-66
prefabRegolith,24,-66
prefabRegolith,25,-66
prefabRock,26,-66
prefabPackedRegolith,27,-66
prefabPackedRegolith,28,-66
prefabRock,29,-66
prefabPackedRegolith,30,-66
prefabKamacite,31,-66
prefabRegolith,32,-66
prefabTaenite,33,-66
prefabRegolith,1,-67
prefabRock,4,-67
prefabRegolith,5,-67
prefabRegolith,6,-67
prefabRock,7,-67
prefabPackedRegolith,8,-67
prefabKamacite,9,-67
prefabRock,10,-67
prefabPackedRegolith,12,-67
prefabPackedRegolith,13,-67
prefabRegolith,14,-67
prefabRegolith,15,-67.999
prefabPackedRegolith,17,-67
prefabRock,18,-67
prefabPackedRegolith,19,-67
prefabPackedRegolith,20,-67
prefabPackedRegolith,21,-67
prefabRegolith,22,-67
prefabRegolith,23,-67
prefabPackedRegolith,24,-67
prefabRegolith,25,-67
prefabPackedRegolith,26,-67
prefabPackedRegolith,27,-67
prefabPackedRegolith,28,-67
prefabRegolith,29,-67
prefabRock,31,-67
prefabKamacite,32,-67
prefabRock,34,-67
prefabPackedRegolith,0,-68
prefabRegolith,1,-68
prefabPackedRegolith,2,-68
prefabRock,3,-68
prefabRegolith,4,-68
prefabKamacite,5,-68
prefabRock,6,-68
prefabRock,7,-68
prefabTaenite,8,-68
prefabRegolith,9,-68
prefabPackedRegolith,10,-68
prefabRegolith,11,-68
prefabRegolith,12,-68
prefabPackedRegolith,13,-68
prefabRegolith,14,-68
prefabPackedRegolith,16,-68
prefabRock,17,-68
prefabPackedRegolith,18,-68
prefabPackedRegolith,19,-68
prefabRock,20,-68
prefabPackedRegolith,21,-68
prefabPackedRegolith,22,-68
prefabKamacite,23,-68
prefabKamacite,24,-68
prefabPackedRegolith,25,-68
prefabRegolith,26,-68
prefabPackedRegolith,27,-68
prefabRock,28,-68
prefabPackedRegolith,29,-68
prefabPackedRegolith,30,-68
prefabRock,31,-68
prefabPackedRegolith,32,-68
prefabKamacite,34,-68
prefabWater,25,-50
prefabWater,25,-51
prefabWater,24,-50
prefabWater,33,-11
prefabWater,32,-32
prefabWater,12,-37
prefabWater,14,-37
prefabWater,22,-52
prefabWater,24,-52
prefabWater,23,-50
prefabWater,13,-36
prefabWater,12,-38
prefabWater,14,-38
prefabWater,22,-50
prefabWater,13,-37
prefabWater,11,-38
prefabWater,21,-50
prefabWater,13,-38
player,13,-9
